,name,runtime,popularity,vote_counts,vote_averages,Animation,Comedy,Family,Adventure,Fantasy,Romance,Drama,Action,Crime,Thriller,Horror,History,ScienceFiction,Mystery,War,Foreign,,Music,Documentary,Western,TVMovie
0,Toy Story,81.0,21.946943,5415.0,7.7,1,1,1,0,0,0,0,0,0,0,0,0,0,0,0,0,0,0,0,0,0
1,Jumanji,104.0,17.015539,2413.0,6.9,1,1,1,0,0,0,0,0,0,0,0,0,0,0,0,0,0,0,0,0,0
2,Grumpier Old Men,101.0,11.7129,92.0,6.5,1,1,1,0,0,0,0,0,0,0,0,0,0,0,0,0,0,0,0,0,0
3,Waiting to Exhale,127.0,3.859495,34.0,6.1,1,1,1,0,0,0,0,0,0,0,0,0,0,0,0,0,0,0,0,0,0
4,Father of the Bride Part II,106.0,8.387519000000001,173.0,5.7,1,1,1,0,0,0,0,0,0,0,0,0,0,0,0,0,0,0,0,0,0
5,Heat,170.0,17.924927,1886.0,7.7,1,1,1,0,0,0,0,0,0,0,0,0,0,0,0,0,0,0,0,0,0
6,Sabrina,127.0,6.677277,141.0,6.2,1,1,1,0,0,0,0,0,0,0,0,0,0,0,0,0,0,0,0,0,0
7,Tom and Huck,97.0,2.5611610000000002,45.0,5.4,1,1,1,0,0,0,0,0,0,0,0,0,0,0,0,0,0,0,0,0,0
8,Sudden Death,106.0,5.23158,174.0,5.5,1,1,1,0,0,0,0,0,0,0,0,0,0,0,0,0,0,0,0,0,0
9,GoldenEye,130.0,14.686035999999998,1194.0,6.6,1,1,1,0,0,0,0,0,0,0,0,0,0,0,0,0,0,0,0,0,0
10,The American President,106.0,6.318445,199.0,6.5,1,1,1,0,0,0,0,0,0,0,0,0,0,0,0,0,0,0,0,0,0
11,Dracula: Dead and Loving It,88.0,5.430331,210.0,5.7,1,1,1,0,0,0,0,0,0,0,0,0,0,0,0,0,0,0,0,0,0
12,Balto,78.0,12.140733,423.0,7.1,1,1,1,0,0,0,0,0,0,0,0,0,0,0,0,0,0,0,0,0,0
13,Nixon,192.0,5.092,72.0,7.1,1,1,1,0,0,0,0,0,0,0,0,0,0,0,0,0,0,0,0,0,0
14,Cutthroat Island,119.0,7.284477000000001,137.0,5.7,1,1,1,0,0,0,0,0,0,0,0,0,0,0,0,0,0,0,0,0,0
15,Casino,178.0,10.137389,1343.0,7.8,1,1,1,0,0,0,0,0,0,0,0,0,0,0,0,0,0,0,0,0,0
16,Sense and Sensibility,136.0,10.673167,364.0,7.2,1,1,1,0,0,0,0,0,0,0,0,0,0,0,0,0,0,0,0,0,0
17,Four Rooms,98.0,9.026586,539.0,6.5,1,1,1,0,0,0,0,0,0,0,0,0,0,0,0,0,0,0,0,0,0
18,Ace Ventura: When Nature Calls,90.0,8.205447999999999,1128.0,6.1,1,1,1,0,0,0,0,0,0,0,0,0,0,0,0,0,0,0,0,0,0
19,Money Train,103.0,7.337905999999999,224.0,5.4,1,1,1,0,0,0,0,0,0,0,0,0,0,0,0,0,0,0,0,0,0
20,Get Shorty,105.0,12.669608,305.0,6.4,1,1,1,0,0,0,0,0,0,0,0,0,0,0,0,0,0,0,0,0,0
21,Copycat,124.0,10.701801,199.0,6.5,1,1,1,0,0,0,0,0,0,0,0,0,0,0,0,0,0,0,0,0,0
22,Assassins,132.0,11.065939,394.0,6.0,1,1,1,0,0,0,0,0,0,0,0,0,0,0,0,0,0,0,0,0,0
23,Powder,111.0,12.133094,143.0,6.3,1,1,1,0,0,0,0,0,0,0,0,0,0,0,0,0,0,0,0,0,0
24,Leaving Las Vegas,112.0,10.332025,365.0,7.1,1,1,1,0,0,0,0,0,0,0,0,0,0,0,0,0,0,0,0,0,0
25,Othello,123.0,1.8458990000000002,33.0,7.0,1,1,1,0,0,0,0,0,0,0,0,0,0,0,0,0,0,0,0,0,0
26,Now and Then,100.0,8.681325,91.0,6.6,1,1,1,0,0,0,0,0,0,0,0,0,0,0,0,0,0,0,0,0,0
27,Persuasion,104.0,2.228434,36.0,7.4,1,1,1,0,0,0,0,0,0,0,0,0,0,0,0,0,0,0,0,0,0
28,The City of Lost Children,108.0,9.822422999999999,308.0,7.6,1,1,1,0,0,0,0,0,0,0,0,0,0,0,0,0,0,0,0,0,0
29,Shanghai Triad,108.0,1.1009149999999999,17.0,6.5,1,1,1,0,0,0,0,0,0,0,0,0,0,0,0,0,0,0,0,0,0
30,Dangerous Minds,99.0,9.481338000000001,249.0,6.4,1,1,1,0,0,0,0,0,0,0,0,0,0,0,0,0,0,0,0,0,0
31,Twelve Monkeys,129.0,12.297305,2470.0,7.4,1,1,1,0,0,0,0,0,0,0,0,0,0,0,0,0,0,0,0,0,0
32,Wings of Courage,50.0,0.745542,4.0,6.8,1,1,1,0,0,0,0,0,0,0,0,0,0,0,0,0,0,0,0,0,0
33,Babe,89.0,14.404764000000002,756.0,6.0,1,1,1,0,0,0,0,0,0,0,0,0,0,0,0,0,0,0,0,0,0
34,Carrington,121.0,1.4933610000000002,16.0,6.4,1,1,1,0,0,0,0,0,0,0,0,0,0,0,0,0,0,0,0,0,0
35,Dead Man Walking,122.0,6.891317,350.0,7.3,1,1,1,0,0,0,0,0,0,0,0,0,0,0,0,0,0,0,0,0,0
36,Across the Sea of Time,51.0,0.114469,2.0,3.5,1,1,1,0,0,0,0,0,0,0,0,0,0,0,0,0,0,0,0,0,0
37,It Takes Two,101.0,7.777735000000001,149.0,6.1,1,1,1,0,0,0,0,0,0,0,0,0,0,0,0,0,0,0,0,0,0
38,Clueless,97.0,9.882383,828.0,6.9,1,1,1,0,0,0,0,0,0,0,0,0,0,0,0,0,0,0,0,0,0
39,"Cry, the Beloved Country",106.0,0.894647,13.0,6.7,1,1,1,0,0,0,0,0,0,0,0,0,0,0,0,0,0,0,0,0,0
40,Richard III,104.0,4.561387,50.0,6.9,1,1,1,0,0,0,0,0,0,0,0,0,0,0,0,0,0,0,0,0,0
41,Dead Presidents,119.0,9.87957,80.0,6.6,1,1,1,0,0,0,0,0,0,0,0,0,0,0,0,0,0,0,0,0,0
42,Restoration,117.0,10.979269,30.0,6.3,1,1,1,0,0,0,0,0,0,0,0,0,0,0,0,0,0,0,0,0,0
43,Mortal Kombat,101.0,10.870138,452.0,5.4,1,1,1,0,0,0,0,0,0,0,0,0,0,0,0,0,0,0,0,0,0
44,To Die For,106.0,10.448481,177.0,6.7,1,1,1,0,0,0,0,0,0,0,0,0,0,0,0,0,0,0,0,0,0
45,How To Make An American Quilt,116.0,4.485958,38.0,6.5,1,1,1,0,0,0,0,0,0,0,0,0,0,0,0,0,0,0,0,0,0
46,Se7en,127.0,18.45743,5915.0,8.1,1,1,1,0,0,0,0,0,0,0,0,0,0,0,0,0,0,0,0,0,0
47,Pocahontas,81.0,13.280069000000001,1509.0,6.7,1,1,1,0,0,0,0,0,0,0,0,0,0,0,0,0,0,0,0,0,0
48,When Night Is Falling,96.0,3.302524,10.0,5.9,1,1,1,0,0,0,0,0,0,0,0,0,0,0,0,0,0,0,0,0,0
49,The Usual Suspects,106.0,16.302466,3334.0,8.1,1,1,1,0,0,0,0,0,0,0,0,0,0,0,0,0,0,0,0,0,0
50,Guardian Angel,93.0,0.595949,3.0,6.3,1,1,1,0,0,0,0,0,0,0,0,0,0,0,0,0,0,0,0,0,0
51,Mighty Aphrodite,95.0,15.899134,145.0,6.7,1,1,1,0,0,0,0,0,0,0,0,0,0,0,0,0,0,0,0,0,0
52,Lamerica,116.0,1.361286,11.0,7.7,1,1,1,0,0,0,0,0,0,0,0,0,0,0,0,0,0,0,0,0,0
53,The Big Green,100.0,5.9827639999999995,41.0,5.2,1,1,1,0,0,0,0,0,0,0,0,0,0,0,0,0,0,0,0,0,0
54,Georgia,115.0,4.093443,15.0,6.1,1,1,1,0,0,0,0,0,0,0,0,0,0,0,0,0,0,0,0,0,0
55,Kids of the Round Table,89.0,0.307075,1.0,3.0,1,1,1,0,0,0,0,0,0,0,0,0,0,0,0,0,0,0,0,0,0
56,Home for the Holidays,103.0,8.416802,39.0,6.3,1,1,1,0,0,0,0,0,0,0,0,0,0,0,0,0,0,0,0,0,0
57,The Postman,0.0,10.168436999999999,181.0,7.6,1,1,1,0,0,0,0,0,0,0,0,0,0,0,0,0,0,0,0,0,0
58,The Confessional,100.0,0.12078900000000001,2.0,6.5,1,1,1,0,0,0,0,0,0,0,0,0,0,0,0,0,0,0,0,0,0
59,The Indian in the Cupboard,96.0,10.673296,136.0,5.9,1,1,1,0,0,0,0,0,0,0,0,0,0,0,0,0,0,0,0,0,0
60,Eye for an Eye,101.0,4.733526,65.0,5.8,1,1,1,0,0,0,0,0,0,0,0,0,0,0,0,0,0,0,0,0,0
61,Mr. Holland's Opus,137.0,7.137117,115.0,6.9,1,1,1,0,0,0,0,0,0,0,0,0,0,0,0,0,0,0,0,0,0
62,Don't Be a Menace to South Central While Drinking Your Juice in the Hood,89.0,11.700115,192.0,6.2,1,1,1,0,0,0,0,0,0,0,0,0,0,0,0,0,0,0,0,0,0
63,Two If by Sea,96.0,2.174487,14.0,4.5,1,1,1,0,0,0,0,0,0,0,0,0,0,0,0,0,0,0,0,0,0
64,Bio-Dome,88.0,6.387469,110.0,4.4,1,1,1,0,0,0,0,0,0,0,0,0,0,0,0,0,0,0,0,0,0
65,Lawnmower Man 2: Beyond Cyberspace,92.0,2.49535,32.0,2.8,1,1,1,0,0,0,0,0,0,0,0,0,0,0,0,0,0,0,0,0,0
66,Two Bits,85.0,4.046208,11.0,5.4,1,1,1,0,0,0,0,0,0,0,0,0,0,0,0,0,0,0,0,0,0
67,French Twist,95.0,2.518051,43.0,6.0,1,1,1,0,0,0,0,0,0,0,0,0,0,0,0,0,0,0,0,0,0
68,Friday,91.0,14.56965,513.0,7.0,1,1,1,0,0,0,0,0,0,0,0,0,0,0,0,0,0,0,0,0,0
69,From Dusk Till Dawn,108.0,15.339153,1644.0,6.9,1,1,1,0,0,0,0,0,0,0,0,0,0,0,0,0,0,0,0,0,0
70,Fair Game,91.0,5.912223,54.0,4.1,1,1,1,0,0,0,0,0,0,0,0,0,0,0,0,0,0,0,0,0,0
71,Kicking and Screaming,96.0,3.3672760000000004,36.0,7.0,1,1,1,0,0,0,0,0,0,0,0,0,0,0,0,0,0,0,0,0,0
72,Les Miserables,175.0,1.4794459999999998,8.0,6.6,1,1,1,0,0,0,0,0,0,0,0,0,0,0,0,0,0,0,0,0,0
73,Bed of Roses,87.0,10.412194,27.0,5.1,1,1,1,0,0,0,0,0,0,0,0,0,0,0,0,0,0,0,0,0,0
74,Big Bully,90.0,2.936443,16.0,3.9,1,1,1,0,0,0,0,0,0,0,0,0,0,0,0,0,0,0,0,0,0
75,Screamers,108.0,12.758848,154.0,6.1,1,1,1,0,0,0,0,0,0,0,0,0,0,0,0,0,0,0,0,0,0
76,Nico Icon,70.0,0.133893,3.0,7.3,1,1,1,0,0,0,0,0,0,0,0,0,0,0,0,0,0,0,0,0,0
77,The Crossing Guard,111.0,5.756462,74.0,6.1,1,1,1,0,0,0,0,0,0,0,0,0,0,0,0,0,0,0,0,0,0
78,The Juror,118.0,6.010579,91.0,5.5,1,1,1,0,0,0,0,0,0,0,0,0,0,0,0,0,0,0,0,0,0
79,The White Balloon,85.0,1.196256,20.0,7.5,1,1,1,0,0,0,0,0,0,0,0,0,0,0,0,0,0,0,0,0,0
80,Things to Do in Denver When You're Dead,116.0,4.486179,87.0,6.7,1,1,1,0,0,0,0,0,0,0,0,0,0,0,0,0,0,0,0,0,0
81,Antonia's Line,102.0,2.030174,26.0,7.2,1,1,1,0,0,0,0,0,0,0,0,0,0,0,0,0,0,0,0,0,0
82,Once Upon a Time... When We Were Colored,115.0,0.252287,2.0,4.5,1,1,1,0,0,0,0,0,0,0,0,0,0,0,0,0,0,0,0,0,0
83,Last Summer in the Hamptons,108.0,0.531159,0.0,0.0,1,1,1,0,0,0,0,0,0,0,0,0,0,0,0,0,0,0,0,0,0
84,Angels and Insects,118.0,2.1516599999999997,17.0,6.3,1,1,1,0,0,0,0,0,0,0,0,0,0,0,0,0,0,0,0,0,0
85,White Squall,129.0,9.568603999999999,86.0,6.3,1,1,1,0,0,0,0,0,0,0,0,0,0,0,0,0,0,0,0,0,0
86,Dunston Checks In,88.0,4.814825,59.0,5.1,1,1,1,0,0,0,0,0,0,0,0,0,0,0,0,0,0,0,0,0,0
87,Black Sheep,87.0,8.963037,124.0,6.0,1,1,1,0,0,0,0,0,0,0,0,0,0,0,0,0,0,0,0,0,0
88,Nick of Time,90.0,6.848591000000001,190.0,6.1,1,1,1,0,0,0,0,0,0,0,0,0,0,0,0,0,0,0,0,0,0
89,The Journey of August King,91.0,0.41142399999999996,3.0,6.7,1,1,1,0,0,0,0,0,0,0,0,0,0,0,0,0,0,0,0,0,0
90,Mary Reilly,104.0,12.866139,77.0,5.7,1,1,1,0,0,0,0,0,0,0,0,0,0,0,0,0,0,0,0,0,0
91,Vampire in Brooklyn,100.0,9.071127,113.0,4.5,1,1,1,0,0,0,0,0,0,0,0,0,0,0,0,0,0,0,0,0,0
92,Beautiful Girls,112.0,4.670562,103.0,6.6,1,1,1,0,0,0,0,0,0,0,0,0,0,0,0,0,0,0,0,0,0
93,Broken Arrow,108.0,14.957626000000001,459.0,5.7,1,1,1,0,0,0,0,0,0,0,0,0,0,0,0,0,0,0,0,0,0
94,A Midwinter's Tale,99.0,0.5133909999999999,6.0,7.5,1,1,1,0,0,0,0,0,0,0,0,0,0,0,0,0,0,0,0,0,0
95,La Haine,98.0,12.108196000000001,695.0,7.9,1,1,1,0,0,0,0,0,0,0,0,0,0,0,0,0,0,0,0,0,0
96,Shopping,105.0,2.6576470000000003,13.0,5.6,1,1,1,0,0,0,0,0,0,0,0,0,0,0,0,0,0,0,0,0,0
97,Heidi Fleiss: Hollywood Madam,106.0,0.638211,4.0,6.8,1,1,1,0,0,0,0,0,0,0,0,0,0,0,0,0,0,0,0,0,0
98,City Hall,111.0,4.8072230000000005,67.0,6.0,1,1,1,0,0,0,0,0,0,0,0,0,0,0,0,0,0,0,0,0,0
99,Bottle Rocket,91.0,6.904831,285.0,6.8,1,1,1,0,0,0,0,0,0,0,0,0,0,0,0,0,0,0,0,0,0
100,Mr. Wrong,96.0,3.329264,16.0,3.3,1,1,1,0,0,0,0,0,0,0,0,0,0,0,0,0,0,0,0,0,0
101,Unforgettable,106.0,2.464425,22.0,5.3,1,1,1,0,0,0,0,0,0,0,0,0,0,0,0,0,0,0,0,0,0
102,Happy Gilmore,92.0,9.592265,767.0,6.5,1,1,1,0,0,0,0,0,0,0,0,0,0,0,0,0,0,0,0,0,0
103,The Bridges of Madison County,135.0,5.951077,397.0,7.3,1,1,1,0,0,0,0,0,0,0,0,0,0,0,0,0,0,0,0,0,0
104,Nobody Loves Me,104.0,1.015068,5.0,5.1,1,1,1,0,0,0,0,0,0,0,0,0,0,0,0,0,0,0,0,0,0
105,Muppet Treasure Island,100.0,6.902423,93.0,6.5,1,1,1,0,0,0,0,0,0,0,0,0,0,0,0,0,0,0,0,0,0
106,Catwalk,95.0,0.976707,2.0,7.0,1,1,1,0,0,0,0,0,0,0,0,0,0,0,0,0,0,0,0,0,0
107,Headless Body in Topless Bar,110.0,0.0013460000000000002,0.0,0.0,1,1,1,0,0,0,0,0,0,0,0,0,0,0,0,0,0,0,0,0,0
108,Braveheart,177.0,20.755149,3404.0,7.7,1,1,1,0,0,0,0,0,0,0,0,0,0,0,0,0,0,0,0,0,0
109,Taxi Driver,114.0,14.092713,2632.0,8.1,1,1,1,0,0,0,0,0,0,0,0,0,0,0,0,0,0,0,0,0,0
110,Rumble in the Bronx,91.0,12.314278,245.0,6.5,1,1,1,0,0,0,0,0,0,0,0,0,0,0,0,0,0,0,0,0,0
111,Before and After,108.0,2.938293,37.0,5.8,1,1,1,0,0,0,0,0,0,0,0,0,0,0,0,0,0,0,0,0,0
112,Margaret's Museum,114.0,0.372697,2.0,7.5,1,1,1,0,0,0,0,0,0,0,0,0,0,0,0,0,0,0,0,0,0
113,Happiness Is in the Field,106.0,1.254885,23.0,7.0,1,1,1,0,0,0,0,0,0,0,0,0,0,0,0,0,0,0,0,0,0
114,Anne Frank Remembered,117.0,0.243986,4.0,7.3,1,1,1,0,0,0,0,0,0,0,0,0,0,0,0,0,0,0,0,0,0
115,The Young Poisoner's Handbook,99.0,6.178497,19.0,6.9,1,1,1,0,0,0,0,0,0,0,0,0,0,0,0,0,0,0,0,0,0
116,If Lucy Fell,92.0,2.891918,11.0,5.4,1,1,1,0,0,0,0,0,0,0,0,0,0,0,0,0,0,0,0,0,0
117,Steal Big Steal Little,113.0,1.522412,7.0,5.1,1,1,1,0,0,0,0,0,0,0,0,0,0,0,0,0,0,0,0,0,0
118,Race the Sun,100.0,1.317878,21.0,5.2,1,1,1,0,0,0,0,0,0,0,0,0,0,0,0,0,0,0,0,0,0
119,The Boys of St. Vincent,90.0,0.86539,7.0,7.0,1,1,1,0,0,0,0,0,0,0,0,0,0,0,0,0,0,0,0,0,0
120,Boomerang,117.0,6.506983,139.0,5.4,1,1,1,0,0,0,0,0,0,0,0,0,0,0,0,0,0,0,0,0,0
121,Chungking Express,102.0,6.778979,249.0,7.9,1,1,1,0,0,0,0,0,0,0,0,0,0,0,0,0,0,0,0,0,0
122,The Star Maker,113.0,1.702639,29.0,6.8,1,1,1,0,0,0,0,0,0,0,0,0,0,0,0,0,0,0,0,0,0
123,Flirting with Disaster,92.0,5.579088,66.0,6.3,1,1,1,0,0,0,0,0,0,0,0,0,0,0,0,0,0,0,0,0,0
124,The Neverending Story III: Escape from Fantasia,95.0,6.252377,105.0,4.4,1,1,1,0,0,0,0,0,0,0,0,0,0,0,0,0,0,0,0,0,0
125,The Silences of the Palace,116.0,0.406754,3.0,4.3,1,1,1,0,0,0,0,0,0,0,0,0,0,0,0,0,0,0,0,0,0
126,Jupiter's Wife,87.0,0.001178,0.0,0.0,1,1,1,0,0,0,0,0,0,0,0,0,0,0,0,0,0,0,0,0,0
127,Pie in the Sky,95.0,0.699066,2.0,7.0,1,1,1,0,0,0,0,0,0,0,0,0,0,0,0,0,0,0,0,0,0
128,Angela,99.0,2.197439,9.0,5.6,1,1,1,0,0,0,0,0,0,0,0,0,0,0,0,0,0,0,0,0,0
129,Frankie Starlight,101.0,0.637554,4.0,5.4,1,1,1,0,0,0,0,0,0,0,0,0,0,0,0,0,0,0,0,0,0
130,Jade,95.0,11.418917,45.0,5.1,1,1,1,0,0,0,0,0,0,0,0,0,0,0,0,0,0,0,0,0,0
131,Nueba Yol,102.0,0.29102100000000003,1.0,5.5,1,1,1,0,0,0,0,0,0,0,0,0,0,0,0,0,0,0,0,0,0
132,Sonic Outlaws,87.0,0.001838,0.0,0.0,1,1,1,0,0,0,0,0,0,0,0,0,0,0,0,0,0,0,0,0,0
133,Down Periscope,92.0,5.184977,110.0,5.6,1,1,1,0,0,0,0,0,0,0,0,0,0,0,0,0,0,0,0,0,0
134,From the Journals of Jean Seberg,97.0,0.276401,2.0,6.5,1,1,1,0,0,0,0,0,0,0,0,0,0,0,0,0,0,0,0,0,0
135,Man of the Year,86.0,0.5404359999999999,2.0,3.8,1,1,1,0,0,0,0,0,0,0,0,0,0,0,0,0,0,0,0,0,0
136,The Neon Bible,91.0,0.370342,5.0,7.2,1,1,1,0,0,0,0,0,0,0,0,0,0,0,0,0,0,0,0,0,0
137,Target,122.0,0.0012050000000000001,0.0,0.0,1,1,1,0,0,0,0,0,0,0,0,0,0,0,0,0,0,0,0,0,0
138,Up Close & Personal,119.0,3.4027489999999996,51.0,5.9,1,1,1,0,0,0,0,0,0,0,0,0,0,0,0,0,0,0,0,0,0
139,The Birdcage,117.0,6.499680000000001,303.0,6.7,1,1,1,0,0,0,0,0,0,0,0,0,0,0,0,0,0,0,0,0,0
140,Virgin Mary,125.0,0.9185040000000001,2.0,7.0,1,1,1,0,0,0,0,0,0,0,0,0,0,0,0,0,0,0,0,0,0
141,The Brothers McMullen,98.0,2.039196,23.0,6.3,1,1,1,0,0,0,0,0,0,0,0,0,0,0,0,0,0,0,0,0,0
142,Bad Boys,118.0,9.262184,1729.0,6.5,1,1,1,0,0,0,0,0,0,0,0,0,0,0,0,0,0,0,0,0,0
143,The Amazing Panda Adventure,81.0,2.375865,31.0,5.0,1,1,1,0,0,0,0,0,0,0,0,0,0,0,0,0,0,0,0,0,0
144,The Basketball Diaries,102.0,7.415144000000001,472.0,7.2,1,1,1,0,0,0,0,0,0,0,0,0,0,0,0,0,0,0,0,0,0
145,An Awfully Big Adventure,113.0,0.922958,11.0,6.0,1,1,1,0,0,0,0,0,0,0,0,0,0,0,0,0,0,0,0,0,0
146,Amateur,105.0,1.7590119999999998,21.0,6.5,1,1,1,0,0,0,0,0,0,0,0,0,0,0,0,0,0,0,0,0,0
147,Apollo 13,140.0,18.761467,1637.0,7.3,1,1,1,0,0,0,0,0,0,0,0,0,0,0,0,0,0,0,0,0,0
148,Rob Roy,139.0,10.193549,151.0,6.5,1,1,1,0,0,0,0,0,0,0,0,0,0,0,0,0,0,0,0,0,0
149,The Addiction,82.0,3.137285,46.0,6.4,1,1,1,0,0,0,0,0,0,0,0,0,0,0,0,0,0,0,0,0,0
150,Batman Forever,121.0,13.321354000000001,1529.0,5.2,1,1,1,0,0,0,0,0,0,0,0,0,0,0,0,0,0,0,0,0,0
151,Belle de Jour,101.0,10.142662,163.0,7.3,1,1,1,0,0,0,0,0,0,0,0,0,0,0,0,0,0,0,0,0,0
152,Beyond Rangoon,100.0,2.04189,21.0,6.4,1,1,1,0,0,0,0,0,0,0,0,0,0,0,0,0,0,0,0,0,0
153,Blue in the Face,83.0,11.528147,28.0,6.8,1,1,1,0,0,0,0,0,0,0,0,0,0,0,0,0,0,0,0,0,0
154,Canadian Bacon,91.0,5.391556,57.0,5.9,1,1,1,0,0,0,0,0,0,0,0,0,0,0,0,0,0,0,0,0,0
155,Casper,100.0,12.812539,1045.0,6.0,1,1,1,0,0,0,0,0,0,0,0,0,0,0,0,0,0,0,0,0,0
156,Clockers,128.0,4.558992,69.0,6.8,1,1,1,0,0,0,0,0,0,0,0,0,0,0,0,0,0,0,0,0,0
157,Congo,109.0,7.260574,214.0,5.0,1,1,1,0,0,0,0,0,0,0,0,0,0,0,0,0,0,0,0,0,0
158,Crimson Tide,116.0,8.657364999999999,508.0,7.0,1,1,1,0,0,0,0,0,0,0,0,0,0,0,0,0,0,0,0,0,0
159,Crumb,119.0,3.6203879999999997,71.0,7.6,1,1,1,0,0,0,0,0,0,0,0,0,0,0,0,0,0,0,0,0,0
160,Desperado,104.0,6.950458,898.0,6.8,1,1,1,0,0,0,0,0,0,0,0,0,0,0,0,0,0,0,0,0,0
161,Devil in a Blue Dress,102.0,4.646132,88.0,6.3,1,1,1,0,0,0,0,0,0,0,0,0,0,0,0,0,0,0,0,0,0
162,Die Hard: With a Vengeance,128.0,15.138855,2094.0,6.9,1,1,1,0,0,0,0,0,0,0,0,0,0,0,0,0,0,0,0,0,0
163,The Doom Generation,80.0,7.120806,57.0,5.6,1,1,1,0,0,0,0,0,0,0,0,0,0,0,0,0,0,0,0,0,0
164,Feast of July,116.0,0.523575,0.0,0.0,1,1,1,0,0,0,0,0,0,0,0,0,0,0,0,0,0,0,0,0,0
165,First Knight,134.0,15.178338,319.0,5.9,1,1,1,0,0,0,0,0,0,0,0,0,0,0,0,0,0,0,0,0,0
166,Free Willy 2 - The Adventure Home,95.0,7.575098,130.0,5.5,1,1,1,0,0,0,0,0,0,0,0,0,0,0,0,0,0,0,0,0,0
167,Hackers,107.0,14.810519000000001,406.0,6.2,1,1,1,0,0,0,0,0,0,0,0,0,0,0,0,0,0,0,0,0,0
168,Jeffrey,92.0,3.196456,19.0,6.5,1,1,1,0,0,0,0,0,0,0,0,0,0,0,0,0,0,0,0,0,0
169,Johnny Mnemonic,97.0,11.715867999999999,380.0,5.5,1,1,1,0,0,0,0,0,0,0,0,0,0,0,0,0,0,0,0,0,0
170,Judge Dredd,96.0,8.184814999999999,643.0,5.4,1,1,1,0,0,0,0,0,0,0,0,0,0,0,0,0,0,0,0,0,0
171,Jury Duty,88.0,3.676921,34.0,4.0,1,1,1,0,0,0,0,0,0,0,0,0,0,0,0,0,0,0,0,0,0
172,Kids,91.0,4.877872,280.0,6.8,1,1,1,0,0,0,0,0,0,0,0,0,0,0,0,0,0,0,0,0,0
173,Living in Oblivion,89.0,10.058328999999999,64.0,7.2,1,1,1,0,0,0,0,0,0,0,0,0,0,0,0,0,0,0,0,0,0
174,Lord of Illusions,119.0,4.102409,87.0,5.9,1,1,1,0,0,0,0,0,0,0,0,0,0,0,0,0,0,0,0,0,0
175,Love & Human Remains,100.0,0.354014,7.0,7.0,1,1,1,0,0,0,0,0,0,0,0,0,0,0,0,0,0,0,0,0,0
176,Mad Love,95.0,2.624771,27.0,5.5,1,1,1,0,0,0,0,0,0,0,0,0,0,0,0,0,0,0,0,0,0
177,Mallrats,94.0,8.255469999999999,400.0,6.8,1,1,1,0,0,0,0,0,0,0,0,0,0,0,0,0,0,0,0,0,0
178,Mighty Morphin Power Rangers: The Movie,92.0,7.024227000000001,153.0,5.2,1,1,1,0,0,0,0,0,0,0,0,0,0,0,0,0,0,0,0,0,0
179,Moonlight and Valentino,100.0,1.01115,10.0,5.6,1,1,1,0,0,0,0,0,0,0,0,0,0,0,0,0,0,0,0,0,0
180,Mute Witness,95.0,2.466066,36.0,6.4,1,1,1,0,0,0,0,0,0,0,0,0,0,0,0,0,0,0,0,0,0
181,Nadja,93.0,7.720056,12.0,5.9,1,1,1,0,0,0,0,0,0,0,0,0,0,0,0,0,0,0,0,0,0
182,The Net,114.0,13.304342000000002,359.0,5.6,1,1,1,0,0,0,0,0,0,0,0,0,0,0,0,0,0,0,0,0,0
183,Nine Months,103.0,8.482834,171.0,5.5,1,1,1,0,0,0,0,0,0,0,0,0,0,0,0,0,0,0,0,0,0
184,Party Girl,94.0,1.165039,14.0,5.8,1,1,1,0,0,0,0,0,0,0,0,0,0,0,0,0,0,0,0,0,0
185,The Prophecy,98.0,10.187623,139.0,6.4,1,1,1,0,0,0,0,0,0,0,0,0,0,0,0,0,0,0,0,0,0
186,Reckless,91.0,0.11971300000000001,1.0,10.0,1,1,1,0,0,0,0,0,0,0,0,0,0,0,0,0,0,0,0,0,0
187,Safe,119.0,8.180047,62.0,7.2,1,1,1,0,0,0,0,0,0,0,0,0,0,0,0,0,0,0,0,0,0
188,The Scarlet Letter,135.0,6.752119,111.0,5.5,1,1,1,0,0,0,0,0,0,0,0,0,0,0,0,0,0,0,0,0,0
189,The Show,93.0,0.15959600000000002,2.0,5.3,1,1,1,0,0,0,0,0,0,0,0,0,0,0,0,0,0,0,0,0,0
190,Showgirls,128.0,17.502375,261.0,4.9,1,1,1,0,0,0,0,0,0,0,0,0,0,0,0,0,0,0,0,0,0
191,Smoke,112.0,5.5529459999999995,115.0,7.2,1,1,1,0,0,0,0,0,0,0,0,0,0,0,0,0,0,0,0,0,0
192,Something to Talk About,106.0,3.743212,60.0,5.7,1,1,1,0,0,0,0,0,0,0,0,0,0,0,0,0,0,0,0,0,0
193,Species,108.0,13.492845,457.0,5.5,1,1,1,0,0,0,0,0,0,0,0,0,0,0,0,0,0,0,0,0,0
194,The Stars Fell on Henrietta,109.0,0.913522,6.0,6.6,1,1,1,0,0,0,0,0,0,0,0,0,0,0,0,0,0,0,0,0,0
195,Strange Days,145.0,11.223055,334.0,6.8,1,1,1,0,0,0,0,0,0,0,0,0,0,0,0,0,0,0,0,0,0
196,The Umbrellas of Cherbourg,91.0,8.133881,119.0,7.6,1,1,1,0,0,0,0,0,0,0,0,0,0,0,0,0,0,0,0,0,0
197,The Tie That Binds,99.0,1.8204189999999998,9.0,4.6,1,1,1,0,0,0,0,0,0,0,0,0,0,0,0,0,0,0,0,0,0
198,Three Wishes,115.0,11.002046,18.0,6.1,1,1,1,0,0,0,0,0,0,0,0,0,0,0,0,0,0,0,0,0,0
199,Total Eclipse,111.0,4.546551999999999,112.0,6.5,1,1,1,0,0,0,0,0,0,0,0,0,0,0,0,0,0,0,0,0,0
200,"To Wong Foo, Thanks for Everything! Julie Newmar",105.0,7.653446000000001,117.0,6.3,1,1,1,0,0,0,0,0,0,0,0,0,0,0,0,0,0,0,0,0,0
201,Under Siege 2: Dark Territory,100.0,7.490247,217.0,5.6,1,1,1,0,0,0,0,0,0,0,0,0,0,0,0,0,0,0,0,0,0
202,Unstrung Heroes,93.0,2.8816889999999997,9.0,6.4,1,1,1,0,0,0,0,0,0,0,0,0,0,0,0,0,0,0,0,0,0
203,Unzipped,73.0,0.7860229999999999,6.0,6.0,1,1,1,0,0,0,0,0,0,0,0,0,0,0,0,0,0,0,0,0,0
204,A Walk in the Clouds,103.0,9.715639,168.0,6.5,1,1,1,0,0,0,0,0,0,0,0,0,0,0,0,0,0,0,0,0,0
205,Waterworld,135.0,16.885184,1017.0,5.9,1,1,1,0,0,0,0,0,0,0,0,0,0,0,0,0,0,0,0,0,0
206,White Man's Burden,89.0,1.8340990000000001,25.0,5.1,1,1,1,0,0,0,0,0,0,0,0,0,0,0,0,0,0,0,0,0,0
207,Wild Bill,98.0,8.922139,27.0,5.9,1,1,1,0,0,0,0,0,0,0,0,0,0,0,0,0,0,0,0,0,0
208,The Browning Version,97.0,3.727644,11.0,6.0,1,1,1,0,0,0,0,0,0,0,0,0,0,0,0,0,0,0,0,0,0
209,Bushwhacked,90.0,3.287036,29.0,4.9,1,1,1,0,0,0,0,0,0,0,0,0,0,0,0,0,0,0,0,0,0
210,Burnt by the Sun,135.0,2.4860729999999998,35.0,6.7,1,1,1,0,0,0,0,0,0,0,0,0,0,0,0,0,0,0,0,0,0
211,Before the Rain,113.0,3.5256489999999996,45.0,7.7,1,1,1,0,0,0,0,0,0,0,0,0,0,0,0,0,0,0,0,0,0
212,Before Sunrise,105.0,11.304979,984.0,7.7,1,1,1,0,0,0,0,0,0,0,0,0,0,0,0,0,0,0,0,0,0
213,Billy Madison,89.0,6.638116,464.0,6.2,1,1,1,0,0,0,0,0,0,0,0,0,0,0,0,0,0,0,0,0,0
214,The Babysitter,90.0,2.761837,27.0,4.7,1,1,1,0,0,0,0,0,0,0,0,0,0,0,0,0,0,0,0,0,0
215,Boys on the Side,115.0,3.030309,48.0,6.3,1,1,1,0,0,0,0,0,0,0,0,0,0,0,0,0,0,0,0,0,0
216,The Cure,97.0,2.686342,58.0,7.2,1,1,1,0,0,0,0,0,0,0,0,0,0,0,0,0,0,0,0,0,0
217,Castle Freak,95.0,2.2697700000000003,40.0,5.8,1,1,1,0,0,0,0,0,0,0,0,0,0,0,0,0,0,0,0,0,0
218,Circle of Friends,103.0,2.605521,30.0,6.5,1,1,1,0,0,0,0,0,0,0,0,0,0,0,0,0,0,0,0,0,0
219,Clerks,92.0,10.513367,769.0,7.4,1,1,1,0,0,0,0,0,0,0,0,0,0,0,0,0,0,0,0,0,0
220,Don Juan DeMarco,97.0,7.438934,184.0,6.3,1,1,1,0,0,0,0,0,0,0,0,0,0,0,0,0,0,0,0,0,0
221,Disclosure,123.0,11.812244,217.0,5.9,1,1,1,0,0,0,0,0,0,0,0,0,0,0,0,0,0,0,0,0,0
222,Dream Man,0.0,0.155859,1.0,2.5,1,1,1,0,0,0,0,0,0,0,0,0,0,0,0,0,0,0,0,0,0
223,Drop Zone,101.0,9.579155,91.0,5.1,1,1,1,0,0,0,0,0,0,0,0,0,0,0,0,0,0,0,0,0,0
224,Destiny Turns on the Radio,0.0,0.710671,9.0,5.3,1,1,1,0,0,0,0,0,0,0,0,0,0,0,0,0,0,0,0,0,0
225,Death and the Maiden,103.0,5.484156,92.0,7.1,1,1,1,0,0,0,0,0,0,0,0,0,0,0,0,0,0,0,0,0,0
226,Dolores Claiborne,132.0,5.8025,183.0,7.1,1,1,1,0,0,0,0,0,0,0,0,0,0,0,0,0,0,0,0,0,0
227,Dumb and Dumber,107.0,9.844558000000001,1894.0,6.5,1,1,1,0,0,0,0,0,0,0,0,0,0,0,0,0,0,0,0,0,0
228,Eat Drink Man Woman,123.0,4.860016000000001,76.0,7.5,1,1,1,0,0,0,0,0,0,0,0,0,0,0,0,0,0,0,0,0,0
229,Exotica,103.0,5.378467,64.0,6.5,1,1,1,0,0,0,0,0,0,0,0,0,0,0,0,0,0,0,0,0,0
230,Exit to Eden,113.0,4.322726,28.0,4.3,1,1,1,0,0,0,0,0,0,0,0,0,0,0,0,0,0,0,0,0,0
231,Ed Wood,127.0,11.720358000000001,639.0,7.3,1,1,1,0,0,0,0,0,0,0,0,0,0,0,0,0,0,0,0,0,0
232,French Kiss,111.0,9.146544,179.0,6.2,1,1,1,0,0,0,0,0,0,0,0,0,0,0,0,0,0,0,0,0,0
233,Forget Paris,101.0,16.236745000000003,38.0,6.1,1,1,1,0,0,0,0,0,0,0,0,0,0,0,0,0,0,0,0,0,0
234,Far from Home: The Adventures of Yellow Dog,87.0,2.657337,27.0,5.6,1,1,1,0,0,0,0,0,0,0,0,0,0,0,0,0,0,0,0,0,0
235,A Goofy Movie,78.0,10.177977,404.0,6.7,1,1,1,0,0,0,0,0,0,0,0,0,0,0,0,0,0,0,0,0,0
236,Hideaway,103.0,8.182165,24.0,5.0,1,1,1,0,0,0,0,0,0,0,0,0,0,0,0,0,0,0,0,0,0
237,Fluke,96.0,4.953936,48.0,6.6,1,1,1,0,0,0,0,0,0,0,0,0,0,0,0,0,0,0,0,0,0
238,Farinelli,111.0,8.935058,20.0,5.9,1,1,1,0,0,0,0,0,0,0,0,0,0,0,0,0,0,0,0,0,0
239,Gordy,90.0,0.398924,4.0,3.0,1,1,1,0,0,0,0,0,0,0,0,0,0,0,0,0,0,0,0,0,0
240,Gumby: The Movie,77.0,0.090452,2.0,5.0,1,1,1,0,0,0,0,0,0,0,0,0,0,0,0,0,0,0,0,0,0
241,The Glass Shield,109.0,1.012197,9.0,5.4,1,1,1,0,0,0,0,0,0,0,0,0,0,0,0,0,0,0,0,0,0
242,Hoop Dreams,171.0,9.47666,91.0,7.7,1,1,1,0,0,0,0,0,0,0,0,0,0,0,0,0,0,0,0,0,0
243,Heavenly Creatures,99.0,9.438042,299.0,6.9,1,1,1,0,0,0,0,0,0,0,0,0,0,0,0,0,0,0,0,0,0
244,Houseguest,113.0,2.688562,17.0,6.0,1,1,1,0,0,0,0,0,0,0,0,0,0,0,0,0,0,0,0,0,0
245,Immortal Beloved,121.0,7.983666,90.0,6.9,1,1,1,0,0,0,0,0,0,0,0,0,0,0,0,0,0,0,0,0,0
246,Heavyweights,100.0,9.546707000000001,97.0,6.0,1,1,1,0,0,0,0,0,0,0,0,0,0,0,0,0,0,0,0,0,0
247,The Hunted,106.0,2.756986,25.0,6.0,1,1,1,0,0,0,0,0,0,0,0,0,0,0,0,0,0,0,0,0,0
248,I.Q.,100.0,5.146351999999999,112.0,5.9,1,1,1,0,0,0,0,0,0,0,0,0,0,0,0,0,0,0,0,0,0
249,Interview with the Vampire,123.0,11.970205,1558.0,7.2,1,1,1,0,0,0,0,0,0,0,0,0,0,0,0,0,0,0,0,0,0
250,Jefferson in Paris,139.0,1.596058,10.0,5.2,1,1,1,0,0,0,0,0,0,0,0,0,0,0,0,0,0,0,0,0,0
251,The Jerky Boys,82.0,0.748846,10.0,4.8,1,1,1,0,0,0,0,0,0,0,0,0,0,0,0,0,0,0,0,0,0
252,Junior,109.0,6.710215,381.0,4.7,1,1,1,0,0,0,0,0,0,0,0,0,0,0,0,0,0,0,0,0,0
253,Just Cause,102.0,9.195256,124.0,6.0,1,1,1,0,0,0,0,0,0,0,0,0,0,0,0,0,0,0,0,0,0
254,A Kid in King Arthur's Court,89.0,5.874511,40.0,4.3,1,1,1,0,0,0,0,0,0,0,0,0,0,0,0,0,0,0,0,0,0
255,Kiss of Death,101.0,7.797511999999999,83.0,5.7,1,1,1,0,0,0,0,0,0,0,0,0,0,0,0,0,0,0,0,0,0
256,Star Wars,121.0,42.149696999999996,6778.0,8.1,1,1,1,0,0,0,0,0,0,0,0,0,0,0,0,0,0,0,0,0,0
257,Little Women,115.0,9.774994,222.0,7.0,1,1,1,0,0,0,0,0,0,0,0,0,0,0,0,0,0,0,0,0,0
258,A Little Princess,97.0,7.731725,207.0,7.4,1,1,1,0,0,0,0,0,0,0,0,0,0,0,0,0,0,0,0,0,0
259,Ladybird Ladybird,101.0,0.8450799999999999,14.0,7.4,1,1,1,0,0,0,0,0,0,0,0,0,0,0,0,0,0,0,0,0,0
260,L'Enfer,100.0,1.9483150000000002,22.0,6.6,1,1,1,0,0,0,0,0,0,0,0,0,0,0,0,0,0,0,0,0,0
261,Like Water for Chocolate,105.0,4.126083,70.0,6.6,1,1,1,0,0,0,0,0,0,0,0,0,0,0,0,0,0,0,0,0,0
262,Legends of the Fall,133.0,12.199047,636.0,7.2,1,1,1,0,0,0,0,0,0,0,0,0,0,0,0,0,0,0,0,0,0
263,Major Payne,95.0,9.253362,164.0,6.1,1,1,1,0,0,0,0,0,0,0,0,0,0,0,0,0,0,0,0,0,0
264,Little Odessa,98.0,1.8612919999999997,31.0,6.4,1,1,1,0,0,0,0,0,0,0,0,0,0,0,0,0,0,0,0,0,0
265,Mi Vida Loca,92.0,1.788829,9.0,5.7,1,1,1,0,0,0,0,0,0,0,0,0,0,0,0,0,0,0,0,0,0
266,Love Affair,108.0,3.290192,11.0,4.3,1,1,1,0,0,0,0,0,0,0,0,0,0,0,0,0,0,0,0,0,0
267,Losing Isaiah,106.0,7.698525999999999,28.0,6.4,1,1,1,0,0,0,0,0,0,0,0,0,0,0,0,0,0,0,0,0,0
268,The Madness of King George,107.0,4.81307,67.0,6.7,1,1,1,0,0,0,0,0,0,0,0,0,0,0,0,0,0,0,0,0,0
269,Mary Shelley's Frankenstein,123.0,14.287753,272.0,6.1,1,1,1,0,0,0,0,0,0,0,0,0,0,0,0,0,0,0,0,0,0
270,Man of the House,96.0,2.558118,40.0,5.1,1,1,1,0,0,0,0,0,0,0,0,0,0,0,0,0,0,0,0,0,0
271,Mixed Nuts,97.0,2.899608,37.0,5.2,1,1,1,0,0,0,0,0,0,0,0,0,0,0,0,0,0,0,0,0,0
272,Milk Money,108.0,3.770115,49.0,5.6,1,1,1,0,0,0,0,0,0,0,0,0,0,0,0,0,0,0,0,0,0
273,Miracle on 34th Street,114.0,5.831622,199.0,6.4,1,1,1,0,0,0,0,0,0,0,0,0,0,0,0,0,0,0,0,0,0
274,Miami Rhapsody,95.0,1.1372659999999999,7.0,5.6,1,1,1,0,0,0,0,0,0,0,0,0,0,0,0,0,0,0,0,0,0
275,My Family,128.0,3.1212880000000003,11.0,7.0,1,1,1,0,0,0,0,0,0,0,0,0,0,0,0,0,0,0,0,0,0
276,Murder in the First,122.0,9.518564,140.0,6.9,1,1,1,0,0,0,0,0,0,0,0,0,0,0,0,0,0,0,0,0,0
277,Nobody's Fool,110.0,2.891269,56.0,7.0,1,1,1,0,0,0,0,0,0,0,0,0,0,0,0,0,0,0,0,0,0
278,Nell,112.0,5.930957,128.0,6.1,1,1,1,0,0,0,0,0,0,0,0,0,0,0,0,0,0,0,0,0,0
279,New Jersey Drive,98.0,0.629955,7.0,6.9,1,1,1,0,0,0,0,0,0,0,0,0,0,0,0,0,0,0,0,0,0
280,New York Cop,93.0,0.004536999999999999,0.0,0.0,1,1,1,0,0,0,0,0,0,0,0,0,0,0,0,0,0,0,0,0,0
281,Beyond Bedlam,89.0,0.42695200000000005,4.0,4.0,1,1,1,0,0,0,0,0,0,0,0,0,0,0,0,0,0,0,0,0,0
282,Nemesis 2 - Nebula,83.0,1.466491,10.0,4.6,1,1,1,0,0,0,0,0,0,0,0,0,0,0,0,0,0,0,0,0,0
283,Nina Takes a Lover,100.0,0.769522,4.0,7.4,1,1,1,0,0,0,0,0,0,0,0,0,0,0,0,0,0,0,0,0,0
284,Natural Born Killers,119.0,11.226856,927.0,6.9,1,1,1,0,0,0,0,0,0,0,0,0,0,0,0,0,0,0,0,0,0
285,Only You,115.0,4.936761,92.0,6.4,1,1,1,0,0,0,0,0,0,0,0,0,0,0,0,0,0,0,0,0,0
286,Once Were Warriors,99.0,4.025276,106.0,7.6,1,1,1,0,0,0,0,0,0,0,0,0,0,0,0,0,0,0,0,0,0
287,Poison Ivy II: Lily,106.0,6.448039,32.0,4.6,1,1,1,0,0,0,0,0,0,0,0,0,0,0,0,0,0,0,0,0,0
288,Outbreak,127.0,13.676444,522.0,6.4,1,1,1,0,0,0,0,0,0,0,0,0,0,0,0,0,0,0,0,0,0
289,Leon: The Professional,110.0,20.477329,4293.0,8.2,1,1,1,0,0,0,0,0,0,0,0,0,0,0,0,0,0,0,0,0,0
290,The Perez Family,113.0,1.4335440000000002,9.0,6.6,1,1,1,0,0,0,0,0,0,0,0,0,0,0,0,0,0,0,0,0,0
291,A Pyromaniac's Love Story,94.0,0.46330699999999997,2.0,7.0,1,1,1,0,0,0,0,0,0,0,0,0,0,0,0,0,0,0,0,0,0
292,Pulp Fiction,154.0,140.95023600000002,8670.0,8.3,1,1,1,0,0,0,0,0,0,0,0,0,0,0,0,0,0,0,0,0,0
293,Panther,124.0,7.1601490000000005,6.0,6.4,1,1,1,0,0,0,0,0,0,0,0,0,0,0,0,0,0,0,0,0,0
294,Pushing Hands,105.0,1.638622,9.0,6.1,1,1,1,0,0,0,0,0,0,0,0,0,0,0,0,0,0,0,0,0,0
295,Priest,98.0,1.881932,32.0,6.4,1,1,1,0,0,0,0,0,0,0,0,0,0,0,0,0,0,0,0,0,0
296,Quiz Show,133.0,7.772505000000001,262.0,7.1,1,1,1,0,0,0,0,0,0,0,0,0,0,0,0,0,0,0,0,0,0
297,Picture Bride,94.0,1.296912,5.0,7.4,1,1,1,0,0,0,0,0,0,0,0,0,0,0,0,0,0,0,0,0,0
298,Queen Margot,162.0,4.405405,67.0,7.0,1,1,1,0,0,0,0,0,0,0,0,0,0,0,0,0,0,0,0,0,0
299,The Quick and the Dead,107.0,7.54701,431.0,6.2,1,1,1,0,0,0,0,0,0,0,0,0,0,0,0,0,0,0,0,0,0
300,Roommates,108.0,3.395867,7.0,6.4,1,1,1,0,0,0,0,0,0,0,0,0,0,0,0,0,0,0,0,0,0
301,Prêt-à-Porter,133.0,6.2594330000000005,33.0,5.3,1,1,1,0,0,0,0,0,0,0,0,0,0,0,0,0,0,0,0,0,0
302,Three Colors: Red,99.0,7.832755000000001,246.0,7.8,1,1,1,0,0,0,0,0,0,0,0,0,0,0,0,0,0,0,0,0,0
303,Three Colors: Blue,98.0,8.843517,311.0,7.7,1,1,1,0,0,0,0,0,0,0,0,0,0,0,0,0,0,0,0,0,0
304,Three Colors: White,91.0,6.5898,218.0,7.3,1,1,1,0,0,0,0,0,0,0,0,0,0,0,0,0,0,0,0,0,0
305,"Red Firecracker, Green Firecracker",111.0,0.07825700000000001,2.0,7.0,1,1,1,0,0,0,0,0,0,0,0,0,0,0,0,0,0,0,0,0,0
306,Rent-a-Kid,85.0,1.155255,15.0,5.1,1,1,1,0,0,0,0,0,0,0,0,0,0,0,0,0,0,0,0,0,0
307,Relative Fear,90.0,0.499601,3.0,4.7,1,1,1,0,0,0,0,0,0,0,0,0,0,0,0,0,0,0,0,0,0
308,Stuart Saves His Family,95.0,1.390885,6.0,5.0,1,1,1,0,0,0,0,0,0,0,0,0,0,0,0,0,0,0,0,0,0
309,The Swan Princess,89.0,8.910461999999999,251.0,6.5,1,1,1,0,0,0,0,0,0,0,0,0,0,0,0,0,0,0,0,0,0
310,The Secret of Roan Inish,97.0,1.7504810000000002,15.0,6.1,1,1,1,0,0,0,0,0,0,0,0,0,0,0,0,0,0,0,0,0,0
311,The Specialist,110.0,10.388183,317.0,5.5,1,1,1,0,0,0,0,0,0,0,0,0,0,0,0,0,0,0,0,0,0
312,Stargate,121.0,13.328923999999999,942.0,6.8,1,1,1,0,0,0,0,0,0,0,0,0,0,0,0,0,0,0,0,0,0
313,The Santa Clause,97.0,9.665424,501.0,6.3,1,1,1,0,0,0,0,0,0,0,0,0,0,0,0,0,0,0,0,0,0
314,The Shawshank Redemption,142.0,51.645403,8358.0,8.5,1,1,1,0,0,0,0,0,0,0,0,0,0,0,0,0,0,0,0,0,0
315,Shallow Grave,92.0,8.223025999999999,247.0,7.0,1,1,1,0,0,0,0,0,0,0,0,0,0,0,0,0,0,0,0,0,0
316,Suture,96.0,1.298224,7.0,6.0,1,1,1,0,0,0,0,0,0,0,0,0,0,0,0,0,0,0,0,0,0
317,Strawberry and Chocolate,108.0,1.7771970000000001,16.0,7.1,1,1,1,0,0,0,0,0,0,0,0,0,0,0,0,0,0,0,0,0,0
318,Swimming with Sharks,101.0,5.869261,104.0,6.7,1,1,1,0,0,0,0,0,0,0,0,0,0,0,0,0,0,0,0,0,0
319,The Sum of Us,100.0,1.407427,21.0,6.0,1,1,1,0,0,0,0,0,0,0,0,0,0,0,0,0,0,0,0,0,0
320,Senior Trip,91.0,5.05806,23.0,5.7,1,1,1,0,0,0,0,0,0,0,0,0,0,0,0,0,0,0,0,0,0
321,To Live,125.0,5.2606269999999995,62.0,7.7,1,1,1,0,0,0,0,0,0,0,0,0,0,0,0,0,0,0,0,0,0
322,Tank Girl,98.0,7.602086999999999,140.0,5.5,1,1,1,0,0,0,0,0,0,0,0,0,0,0,0,0,0,0,0,0,0
323,Tales from the Crypt: Demon Knight,92.0,9.455342,96.0,6.7,1,1,1,0,0,0,0,0,0,0,0,0,0,0,0,0,0,0,0,0,0
324,Star Trek: Generations,118.0,8.105708,461.0,6.4,1,1,1,0,0,0,0,0,0,0,0,0,0,0,0,0,0,0,0,0,0
325,Tales from the Hood,98.0,2.86007,33.0,5.4,1,1,1,0,0,0,0,0,0,0,0,0,0,0,0,0,0,0,0,0,0
326,Tom & Viv,115.0,0.7042039999999999,8.0,5.8,1,1,1,0,0,0,0,0,0,0,0,0,0,0,0,0,0,0,0,0,0
327,Village of the Damned,99.0,6.529879,165.0,5.6,1,1,1,0,0,0,0,0,0,0,0,0,0,0,0,0,0,0,0,0,0
328,Tommy Boy,97.0,11.971318,321.0,6.8,1,1,1,0,0,0,0,0,0,0,0,0,0,0,0,0,0,0,0,0,0
329,Vanya on 42nd Street,119.0,7.039846000000001,15.0,6.1,1,1,1,0,0,0,0,0,0,0,0,0,0,0,0,0,0,0,0,0,0
330,The Underneath,99.0,2.059771,15.0,5.6,1,1,1,0,0,0,0,0,0,0,0,0,0,0,0,0,0,0,0,0,0
331,The Walking Dead,88.0,0.620873,4.0,6.6,1,1,1,0,0,0,0,0,0,0,0,0,0,0,0,0,0,0,0,0,0
332,What's Eating Gilbert Grape,118.0,10.3919,943.0,7.5,1,1,1,0,0,0,0,0,0,0,0,0,0,0,0,0,0,0,0,0,0
333,Virtuosity,106.0,5.1883989999999995,163.0,5.4,1,1,1,0,0,0,0,0,0,0,0,0,0,0,0,0,0,0,0,0,0
334,While You Were Sleeping,103.0,15.783615,340.0,6.5,1,1,1,0,0,0,0,0,0,0,0,0,0,0,0,0,0,0,0,0,0
335,The War,126.0,3.9085959999999997,39.0,6.3,1,1,1,0,0,0,0,0,0,0,0,0,0,0,0,0,0,0,0,0,0
336,Double Happiness,87.0,0.372239,2.0,5.5,1,1,1,0,0,0,0,0,0,0,0,0,0,0,0,0,0,0,0,0,0
337,Muriel's Wedding,106.0,5.254847,104.0,6.9,1,1,1,0,0,0,0,0,0,0,0,0,0,0,0,0,0,0,0,0,0
338,The Baby-Sitters Club,94.0,2.15805,23.0,5.3,1,1,1,0,0,0,0,0,0,0,0,0,0,0,0,0,0,0,0,0,0
339,Ace Ventura: Pet Detective,86.0,11.247957000000001,1684.0,6.4,1,1,1,0,0,0,0,0,0,0,0,0,0,0,0,0,0,0,0,0,0
340,"The Adventures of Priscilla, Queen of the Desert",104.0,8.328596000000001,174.0,7.2,1,1,1,0,0,0,0,0,0,0,0,0,0,0,0,0,0,0,0,0,0
341,Backbeat,100.0,2.487951,37.0,6.2,1,1,1,0,0,0,0,0,0,0,0,0,0,0,0,0,0,0,0,0,0
342,Bitter Moon,139.0,11.298195,115.0,7.0,1,1,1,0,0,0,0,0,0,0,0,0,0,0,0,0,0,0,0,0,0
343,Bullets Over Broadway,98.0,5.72288,130.0,7.0,1,1,1,0,0,0,0,0,0,0,0,0,0,0,0,0,0,0,0,0,0
344,Clear and Present Danger,141.0,7.5132449999999995,390.0,6.4,1,1,1,0,0,0,0,0,0,0,0,0,0,0,0,0,0,0,0,0,0
345,The Client,119.0,15.263829000000001,287.0,6.4,1,1,1,0,0,0,0,0,0,0,0,0,0,0,0,0,0,0,0,0,0
346,"Corrina, Corrina",115.0,6.924689,83.0,6.4,1,1,1,0,0,0,0,0,0,0,0,0,0,0,0,0,0,0,0,0,0
347,Crooklyn,115.0,2.5330220000000003,31.0,6.7,1,1,1,0,0,0,0,0,0,0,0,0,0,0,0,0,0,0,0,0,0
348,The Crow,102.0,15.799335999999998,980.0,7.3,1,1,1,0,0,0,0,0,0,0,0,0,0,0,0,0,0,0,0,0,0
349,Cobb,128.0,2.5833630000000003,29.0,6.1,1,1,1,0,0,0,0,0,0,0,0,0,0,0,0,0,0,0,0,0,0
350,The Flintstones,91.0,15.019585999999999,559.0,5.0,1,1,1,0,0,0,0,0,0,0,0,0,0,0,0,0,0,0,0,0,0
351,Forrest Gump,142.0,48.307194,8147.0,8.2,1,1,1,0,0,0,0,0,0,0,0,0,0,0,0,0,0,0,0,0,0
352,Four Weddings and a Funeral,117.0,8.990345,654.0,6.6,1,1,1,0,0,0,0,0,0,0,0,0,0,0,0,0,0,0,0,0,0
353,Higher Learning,127.0,7.817811,49.0,6.4,1,1,1,0,0,0,0,0,0,0,0,0,0,0,0,0,0,0,0,0,0
354,I Like It Like That,104.0,0.28929499999999997,4.0,6.3,1,1,1,0,0,0,0,0,0,0,0,0,0,0,0,0,0,0,0,0,0
355,I Love Trouble,123.0,3.570874,41.0,5.3,1,1,1,0,0,0,0,0,0,0,0,0,0,0,0,0,0,0,0,0,0
356,It Could Happen to You,101.0,11.272072999999999,154.0,6.1,1,1,1,0,0,0,0,0,0,0,0,0,0,0,0,0,0,0,0,0,0
357,The Jungle Book,111.0,10.714235,107.0,5.9,1,1,1,0,0,0,0,0,0,0,0,0,0,0,0,0,0,0,0,0,0
358,"The Wonderful, Horrible Life of Leni Riefenstahl",180.0,0.5688840000000001,5.0,7.3,1,1,1,0,0,0,0,0,0,0,0,0,0,0,0,0,0,0,0,0,0
359,The Lion King,89.0,21.605760999999998,5520.0,8.0,1,1,1,0,0,0,0,0,0,0,0,0,0,0,0,0,0,0,0,0,0
360,Little Buddha,140.0,5.681522,76.0,6.0,1,1,1,0,0,0,0,0,0,0,0,0,0,0,0,0,0,0,0,0,0
361,New Nightmare,112.0,9.860522,297.0,6.4,1,1,1,0,0,0,0,0,0,0,0,0,0,0,0,0,0,0,0,0,0
362,The Mask,101.0,14.134879999999999,2550.0,6.6,1,1,1,0,0,0,0,0,0,0,0,0,0,0,0,0,0,0,0,0,0
363,Maverick,127.0,15.050326,490.0,6.6,1,1,1,0,0,0,0,0,0,0,0,0,0,0,0,0,0,0,0,0,0
364,Mrs. Parker and the Vicious Circle,125.0,4.739054,20.0,6.3,1,1,1,0,0,0,0,0,0,0,0,0,0,0,0,0,0,0,0,0,0
365,The Naked Gun 33⅓: The Final Insult,83.0,10.587232,535.0,6.4,1,1,1,0,0,0,0,0,0,0,0,0,0,0,0,0,0,0,0,0,0
366,The Paper,112.0,4.006063,40.0,6.1,1,1,1,0,0,0,0,0,0,0,0,0,0,0,0,0,0,0,0,0,0
367,Reality Bites,99.0,6.5145919999999995,180.0,6.5,1,1,1,0,0,0,0,0,0,0,0,0,0,0,0,0,0,0,0,0,0
368,Red Rock West,98.0,5.137903,71.0,6.4,1,1,1,0,0,0,0,0,0,0,0,0,0,0,0,0,0,0,0,0,0
369,Ri¢hie Ri¢h,95.0,6.595255,426.0,5.4,1,1,1,0,0,0,0,0,0,0,0,0,0,0,0,0,0,0,0,0,0
370,Safe Passage,98.0,4.931565,7.0,4.9,1,1,1,0,0,0,0,0,0,0,0,0,0,0,0,0,0,0,0,0,0
371,The River Wild,111.0,10.511241,214.0,6.1,1,1,1,0,0,0,0,0,0,0,0,0,0,0,0,0,0,0,0,0,0
372,Speed,116.0,10.859292,1814.0,6.8,1,1,1,0,0,0,0,0,0,0,0,0,0,0,0,0,0,0,0,0,0
373,Speechless,99.0,2.3342259999999997,24.0,5.5,1,1,1,0,0,0,0,0,0,0,0,0,0,0,0,0,0,0,0,0,0
374,Timecop,99.0,8.907074,288.0,5.5,1,1,1,0,0,0,0,0,0,0,0,0,0,0,0,0,0,0,0,0,0
375,True Lies,141.0,11.396099000000001,1138.0,6.8,1,1,1,0,0,0,0,0,0,0,0,0,0,0,0,0,0,0,0,0,0
376,When a Man Loves a Woman,126.0,4.322544000000001,71.0,6.0,1,1,1,0,0,0,0,0,0,0,0,0,0,0,0,0,0,0,0,0,0
377,Wolf,125.0,14.063845,221.0,6.0,1,1,1,0,0,0,0,0,0,0,0,0,0,0,0,0,0,0,0,0,0
378,Wyatt Earp,191.0,9.277147,203.0,6.5,1,1,1,0,0,0,0,0,0,0,0,0,0,0,0,0,0,0,0,0,0
379,Bad Company,108.0,0.912415,12.0,4.9,1,1,1,0,0,0,0,0,0,0,0,0,0,0,0,0,0,0,0,0,0
380,A Man of No Importance,99.0,0.406113,2.0,6.5,1,1,1,0,0,0,0,0,0,0,0,0,0,0,0,0,0,0,0,0,0
381,S.F.W.,96.0,2.5045290000000002,22.0,6.1,1,1,1,0,0,0,0,0,0,0,0,0,0,0,0,0,0,0,0,0,0
382,A Low Down Dirty Shame,100.0,3.0215259999999997,31.0,6.0,1,1,1,0,0,0,0,0,0,0,0,0,0,0,0,0,0,0,0,0,0
383,"Boys Life: Three Stories of Love, Lust, and Liberation",91.0,0.054148,1.0,2.0,1,1,1,0,0,0,0,0,0,0,0,0,0,0,0,0,0,0,0,0,0
384,Colonel Chabert,110.0,0.934312,9.0,5.9,1,1,1,0,0,0,0,0,0,0,0,0,0,0,0,0,0,0,0,0,0
385,"Faster, Pussycat! Kill! Kill!",83.0,4.220541000000001,59.0,6.5,1,1,1,0,0,0,0,0,0,0,0,0,0,0,0,0,0,0,0,0,0
386,Jason's Lyric,119.0,0.912909,9.0,5.9,1,1,1,0,0,0,0,0,0,0,0,0,0,0,0,0,0,0,0,0,0
387,The Secret Adventures of Tom Thumb,61.0,0.381704,8.0,7.1,1,1,1,0,0,0,0,0,0,0,0,0,0,0,0,0,0,0,0,0,0
388,Street Fighter,102.0,13.584489999999999,330.0,4.1,1,1,1,0,0,0,0,0,0,0,0,0,0,0,0,0,0,0,0,0,0
389,Coldblooded,92.0,2.342756,13.0,6.7,1,1,1,0,0,0,0,0,0,0,0,0,0,0,0,0,0,0,0,0,0
390,Desert Winds,97.0,0.251223,0.0,0.0,1,1,1,0,0,0,0,0,0,0,0,0,0,0,0,0,0,0,0,0,0
391,Fall Time,88.0,1.108494,6.0,6.3,1,1,1,0,0,0,0,0,0,0,0,0,0,0,0,0,0,0,0,0,0
392,The Fear,98.0,0.268043,7.0,3.4,1,1,1,0,0,0,0,0,0,0,0,0,0,0,0,0,0,0,0,0,0
393,Frank and Ollie,89.0,0.14235699999999998,4.0,7.5,1,1,1,0,0,0,0,0,0,0,0,0,0,0,0,0,0,0,0,0,0
394,Girl in the Cadillac,89.0,0.40539200000000003,1.0,10.0,1,1,1,0,0,0,0,0,0,0,0,0,0,0,0,0,0,0,0,0,0
395,Homage,97.0,0.014925,0.0,0.0,1,1,1,0,0,0,0,0,0,0,0,0,0,0,0,0,0,0,0,0,0
396,Mirage,92.0,0.30295700000000003,1.0,4.0,1,1,1,0,0,0,0,0,0,0,0,0,0,0,0,0,0,0,0,0,0
397,Open Season,97.0,0.012456,0.0,0.0,1,1,1,0,0,0,0,0,0,0,0,0,0,0,0,0,0,0,0,0,0
398,Dos Crímenes,0.0,0.23337600000000003,1.0,5.0,1,1,1,0,0,0,0,0,0,0,0,0,0,0,0,0,0,0,0,0,0
399,Brother Minister: The Assassination of Malcolm X,115.0,0.0368,1.0,4.0,1,1,1,0,0,0,0,0,0,0,0,0,0,0,0,0,0,0,0,0,0
400,Highlander: The Final Dimension,99.0,6.8666339999999995,110.0,4.5,1,1,1,0,0,0,0,0,0,0,0,0,0,0,0,0,0,0,0,0,0
401,Federal Hill,97.0,0.100685,2.0,5.0,1,1,1,0,0,0,0,0,0,0,0,0,0,0,0,0,0,0,0,0,0
402,In the Mouth of Madness,95.0,8.497643,307.0,7.1,1,1,1,0,0,0,0,0,0,0,0,0,0,0,0,0,0,0,0,0,0
403,8 Seconds,105.0,1.888534,22.0,7.2,1,1,1,0,0,0,0,0,0,0,0,0,0,0,0,0,0,0,0,0,0
404,Above the Rim,96.0,4.38154,40.0,6.7,1,1,1,0,0,0,0,0,0,0,0,0,0,0,0,0,0,0,0,0,0
405,Addams Family Values,94.0,17.555909,537.0,6.5,1,1,1,0,0,0,0,0,0,0,0,0,0,0,0,0,0,0,0,0,0
406,Martin Lawrence: You So Crazy,84.0,0.394194,4.0,4.5,1,1,1,0,0,0,0,0,0,0,0,0,0,0,0,0,0,0,0,0,0
407,The Age of Innocence,139.0,8.013617,172.0,7.0,1,1,1,0,0,0,0,0,0,0,0,0,0,0,0,0,0,0,0,0,0
408,Airheads,92.0,7.09232,222.0,5.8,1,1,1,0,0,0,0,0,0,0,0,0,0,0,0,0,0,0,0,0,0
409,The Air Up There,107.0,1.8962729999999999,42.0,5.1,1,1,1,0,0,0,0,0,0,0,0,0,0,0,0,0,0,0,0,0,0
410,Another Stakeout,105.0,12.967239,58.0,4.9,1,1,1,0,0,0,0,0,0,0,0,0,0,0,0,0,0,0,0,0,0
411,Bad Girls,99.0,14.644772,61.0,4.6,1,1,1,0,0,0,0,0,0,0,0,0,0,0,0,0,0,0,0,0,0
412,Barcelona,100.0,1.632711,20.0,6.6,1,1,1,0,0,0,0,0,0,0,0,0,0,0,0,0,0,0,0,0,0
413,Being Human,122.0,2.783872,15.0,5.0,1,1,1,0,0,0,0,0,0,0,0,0,0,0,0,0,0,0,0,0,0
414,The Beverly Hillbillies,93.0,5.673735,86.0,5.0,1,1,1,0,0,0,0,0,0,0,0,0,0,0,0,0,0,0,0,0,0
415,Beverly Hills Cop III,104.0,11.787784,445.0,5.5,1,1,1,0,0,0,0,0,0,0,0,0,0,0,0,0,0,0,0,0,0
416,Black Beauty,88.0,8.398845,68.0,6.6,1,1,1,0,0,0,0,0,0,0,0,0,0,0,0,0,0,0,0,0,0
417,Blink,106.0,3.0028200000000003,45.0,6.3,1,1,1,0,0,0,0,0,0,0,0,0,0,0,0,0,0,0,0,0,0
418,Blown Away,121.0,13.155071,126.0,6.0,1,1,1,0,0,0,0,0,0,0,0,0,0,0,0,0,0,0,0,0,0
419,Blue Chips,108.0,6.131056,41.0,5.7,1,1,1,0,0,0,0,0,0,0,0,0,0,0,0,0,0,0,0,0,0
420,Blue Sky,101.0,4.993829,28.0,6.1,1,1,1,0,0,0,0,0,0,0,0,0,0,0,0,0,0,0,0,0,0
421,Body Snatchers,87.0,6.559692999999999,102.0,5.8,1,1,1,0,0,0,0,0,0,0,0,0,0,0,0,0,0,0,0,0,0
422,Boxing Helena,107.0,4.304224,59.0,4.5,1,1,1,0,0,0,0,0,0,0,0,0,0,0,0,0,0,0,0,0,0
423,A Bronx Tale,121.0,6.115628,447.0,7.4,1,1,1,0,0,0,0,0,0,0,0,0,0,0,0,0,0,0,0,0,0
424,Cabin Boy,80.0,1.679042,28.0,4.9,1,1,1,0,0,0,0,0,0,0,0,0,0,0,0,0,0,0,0,0,0
425,Calendar Girl,90.0,1.316741,10.0,3.7,1,1,1,0,0,0,0,0,0,0,0,0,0,0,0,0,0,0,0,0,0
426,Carlito's Way,144.0,8.698509,805.0,7.7,1,1,1,0,0,0,0,0,0,0,0,0,0,0,0,0,0,0,0,0,0
427,City Slickers II: The Legend of Curly's Gold,116.0,8.605703,103.0,4.9,1,1,1,0,0,0,0,0,0,0,0,0,0,0,0,0,0,0,0,0,0
428,Clean Slate,107.0,2.724621,25.0,5.7,1,1,1,0,0,0,0,0,0,0,0,0,0,0,0,0,0,0,0,0,0
429,Cliffhanger,112.0,9.830853,600.0,6.1,1,1,1,0,0,0,0,0,0,0,0,0,0,0,0,0,0,0,0,0,0
430,Coneheads,88.0,10.722729,228.0,4.8,1,1,1,0,0,0,0,0,0,0,0,0,0,0,0,0,0,0,0,0,0
431,Color of Night,121.0,14.228963,117.0,5.4,1,1,1,0,0,0,0,0,0,0,0,0,0,0,0,0,0,0,0,0,0
432,Cops & Robbersons,93.0,7.042878,36.0,5.0,1,1,1,0,0,0,0,0,0,0,0,0,0,0,0,0,0,0,0,0,0
433,The Cowboy Way,102.0,4.286279,38.0,5.1,1,1,1,0,0,0,0,0,0,0,0,0,0,0,0,0,0,0,0,0,0
434,Dangerous Game,108.0,2.70097,9.0,5.4,1,1,1,0,0,0,0,0,0,0,0,0,0,0,0,0,0,0,0,0,0
435,Dave,110.0,13.696394,205.0,6.3,1,1,1,0,0,0,0,0,0,0,0,0,0,0,0,0,0,0,0,0,0
436,Dazed and Confused,102.0,6.8652,588.0,7.4,1,1,1,0,0,0,0,0,0,0,0,0,0,0,0,0,0,0,0,0,0
437,Demolition Man,115.0,11.626116,1018.0,6.4,1,1,1,0,0,0,0,0,0,0,0,0,0,0,0,0,0,0,0,0,0
438,The Endless Summer 2,109.0,0.408159,12.0,7.1,1,1,1,0,0,0,0,0,0,0,0,0,0,0,0,0,0,0,0,0,0
439,Even Cowgirls Get the Blues,96.0,2.970724,29.0,4.2,1,1,1,0,0,0,0,0,0,0,0,0,0,0,0,0,0,0,0,0,0
440,Fatal Instinct,91.0,3.555139,37.0,5.4,1,1,1,0,0,0,0,0,0,0,0,0,0,0,0,0,0,0,0,0,0
441,Farewell My Concubine,171.0,4.875826999999999,98.0,7.8,1,1,1,0,0,0,0,0,0,0,0,0,0,0,0,0,0,0,0,0,0
442,The Favor,97.0,1.344876,6.0,3.3,1,1,1,0,0,0,0,0,0,0,0,0,0,0,0,0,0,0,0,0,0
443,Fearless,122.0,9.284624,80.0,6.8,1,1,1,0,0,0,0,0,0,0,0,0,0,0,0,0,0,0,0,0,0
444,Fear of a Black Hat,88.0,0.985441,11.0,5.8,1,1,1,0,0,0,0,0,0,0,0,0,0,0,0,0,0,0,0,0,0
445,With Honors,103.0,2.969003,54.0,6.1,1,1,1,0,0,0,0,0,0,0,0,0,0,0,0,0,0,0,0,0,0
446,Flesh and Bone,126.0,1.896869,22.0,6.2,1,1,1,0,0,0,0,0,0,0,0,0,0,0,0,0,0,0,0,0,0
447,Widows' Peak,101.0,0.409427,3.0,4.3,1,1,1,0,0,0,0,0,0,0,0,0,0,0,0,0,0,0,0,0,0
448,For Love or Money,94.0,8.468869,77.0,5.7,1,1,1,0,0,0,0,0,0,0,0,0,0,0,0,0,0,0,0,0,0
449,The Firm,154.0,9.678367,513.0,6.6,1,1,1,0,0,0,0,0,0,0,0,0,0,0,0,0,0,0,0,0,0
450,Free Willy,112.0,5.990572,429.0,6.0,1,1,1,0,0,0,0,0,0,0,0,0,0,0,0,0,0,0,0,0,0
451,Fresh,114.0,3.970215,56.0,7.6,1,1,1,0,0,0,0,0,0,0,0,0,0,0,0,0,0,0,0,0,0
452,The Fugitive,130.0,10.089369999999999,1240.0,7.2,1,1,1,0,0,0,0,0,0,0,0,0,0,0,0,0,0,0,0,0,0
453,Geronimo: An American Legend,115.0,4.653462,44.0,5.9,1,1,1,0,0,0,0,0,0,0,0,0,0,0,0,0,0,0,0,0,0
454,The Getaway,115.0,14.214402999999999,81.0,5.4,1,1,1,0,0,0,0,0,0,0,0,0,0,0,0,0,0,0,0,0,0
455,Getting Even with Dad,109.0,2.410545,43.0,4.5,1,1,1,0,0,0,0,0,0,0,0,0,0,0,0,0,0,0,0,0,0
456,Go Fish,83.0,0.775898,5.0,3.9,1,1,1,0,0,0,0,0,0,0,0,0,0,0,0,0,0,0,0,0,0
457,A Good Man in Africa,94.0,5.22583,11.0,5.2,1,1,1,0,0,0,0,0,0,0,0,0,0,0,0,0,0,0,0,0,0
458,Guilty as Sin,107.0,5.385108,21.0,5.6,1,1,1,0,0,0,0,0,0,0,0,0,0,0,0,0,0,0,0,0,0
459,Hard Target,97.0,7.834351,237.0,6.1,1,1,1,0,0,0,0,0,0,0,0,0,0,0,0,0,0,0,0,0,0
460,Heaven & Earth,140.0,4.1905410000000005,51.0,6.4,1,1,1,0,0,0,0,0,0,0,0,0,0,0,0,0,0,0,0,0,0
461,Hot Shots! Part Deux,86.0,13.482370999999999,463.0,6.2,1,1,1,0,0,0,0,0,0,0,0,0,0,0,0,0,0,0,0,0,0
462,Live Nude Girls,95.0,2.138959,12.0,4.7,1,1,1,0,0,0,0,0,0,0,0,0,0,0,0,0,0,0,0,0,0
463,The Englishman Who Went Up a Hill But Came Down a Mountain,99.0,5.331753,83.0,6.1,1,1,1,0,0,0,0,0,0,0,0,0,0,0,0,0,0,0,0,0,0
464,The House of the Spirits,140.0,10.687795,135.0,6.7,1,1,1,0,0,0,0,0,0,0,0,0,0,0,0,0,0,0,0,0,0
465,House Party 3,100.0,0.9960469999999999,11.0,4.6,1,1,1,0,0,0,0,0,0,0,0,0,0,0,0,0,0,0,0,0,0
466,The Hudsucker Proxy,111.0,7.550545,280.0,7.1,1,1,1,0,0,0,0,0,0,0,0,0,0,0,0,0,0,0,0,0,0
467,I'll Do Anything,115.0,1.7429740000000002,18.0,5.7,1,1,1,0,0,0,0,0,0,0,0,0,0,0,0,0,0,0,0,0,0
468,In the Army Now,91.0,6.071466,54.0,4.7,1,1,1,0,0,0,0,0,0,0,0,0,0,0,0,0,0,0,0,0,0
469,In the Line of Fire,128.0,12.637158,392.0,6.8,1,1,1,0,0,0,0,0,0,0,0,0,0,0,0,0,0,0,0,0,0
470,In the Name of the Father,133.0,7.405895,363.0,7.6,1,1,1,0,0,0,0,0,0,0,0,0,0,0,0,0,0,0,0,0,0
471,The Inkwell,110.0,0.6133350000000001,5.0,3.9,1,1,1,0,0,0,0,0,0,0,0,0,0,0,0,0,0,0,0,0,0
472,What's Love Got to Do with It,118.0,14.820882999999998,75.0,6.9,1,1,1,0,0,0,0,0,0,0,0,0,0,0,0,0,0,0,0,0,0
473,Jimmy Hollywood,112.0,4.563989,17.0,4.6,1,1,1,0,0,0,0,0,0,0,0,0,0,0,0,0,0,0,0,0,0
474,Judgment Night,110.0,5.538671,79.0,6.4,1,1,1,0,0,0,0,0,0,0,0,0,0,0,0,0,0,0,0,0,0
475,Jurassic Park,127.0,8.863776,4956.0,7.6,1,1,1,0,0,0,0,0,0,0,0,0,0,0,0,0,0,0,0,0,0
476,Kalifornia,117.0,8.4337,209.0,6.5,1,1,1,0,0,0,0,0,0,0,0,0,0,0,0,0,0,0,0,0,0
477,Killing Zoe,96.0,4.948569,111.0,6.1,1,1,1,0,0,0,0,0,0,0,0,0,0,0,0,0,0,0,0,0,0
478,King of the Hill,103.0,4.3753470000000005,33.0,6.4,1,1,1,0,0,0,0,0,0,0,0,0,0,0,0,0,0,0,0,0,0
479,Lassie,94.0,3.645342,54.0,6.1,1,1,1,0,0,0,0,0,0,0,0,0,0,0,0,0,0,0,0,0,0
480,Last Action Hero,130.0,9.434006,725.0,6.1,1,1,1,0,0,0,0,0,0,0,0,0,0,0,0,0,0,0,0,0,0
481,Life With Mikey,91.0,6.446229,24.0,5.1,1,1,1,0,0,0,0,0,0,0,0,0,0,0,0,0,0,0,0,0,0
482,Lightning Jack,98.0,2.913584,40.0,5.7,1,1,1,0,0,0,0,0,0,0,0,0,0,0,0,0,0,0,0,0,0
483,M. Butterfly,101.0,6.5169760000000005,35.0,6.6,1,1,1,0,0,0,0,0,0,0,0,0,0,0,0,0,0,0,0,0,0
484,Made in America,111.0,5.43085,86.0,5.3,1,1,1,0,0,0,0,0,0,0,0,0,0,0,0,0,0,0,0,0,0
485,Malice,107.0,9.861672,105.0,5.9,1,1,1,0,0,0,0,0,0,0,0,0,0,0,0,0,0,0,0,0,0
486,The Man without a Face,114.0,5.997712,125.0,6.2,1,1,1,0,0,0,0,0,0,0,0,0,0,0,0,0,0,0,0,0,0
487,Manhattan Murder Mystery,104.0,8.939404,169.0,7.1,1,1,1,0,0,0,0,0,0,0,0,0,0,0,0,0,0,0,0,0,0
488,Menace II Society,97.0,5.260924,179.0,7.2,1,1,1,0,0,0,0,0,0,0,0,0,0,0,0,0,0,0,0,0,0
489,Executive Decision,133.0,13.106291,261.0,5.8,1,1,1,0,0,0,0,0,0,0,0,0,0,0,0,0,0,0,0,0,0
490,In the Realm of the Senses,105.0,8.932494,112.0,6.5,1,1,1,0,0,0,0,0,0,0,0,0,0,0,0,0,0,0,0,0,0
491,What Happened Was...,91.0,0.534606,7.0,7.0,1,1,1,0,0,0,0,0,0,0,0,0,0,0,0,0,0,0,0,0,0
492,Much Ado About Nothing,111.0,8.627239999999999,194.0,7.2,1,1,1,0,0,0,0,0,0,0,0,0,0,0,0,0,0,0,0,0,0
493,Mr. Jones,114.0,6.579753,35.0,5.9,1,1,1,0,0,0,0,0,0,0,0,0,0,0,0,0,0,0,0,0,0
494,Mr. Wonderful,98.0,13.011091,11.0,5.5,1,1,1,0,0,0,0,0,0,0,0,0,0,0,0,0,0,0,0,0,0
495,Mrs. Doubtfire,125.0,11.16553,1638.0,7.0,1,1,1,0,0,0,0,0,0,0,0,0,0,0,0,0,0,0,0,0,0
496,Naked,131.0,8.665198,105.0,7.5,1,1,1,0,0,0,0,0,0,0,0,0,0,0,0,0,0,0,0,0,0
497,The Next Karate Kid,107.0,9.9697,202.0,4.8,1,1,1,0,0,0,0,0,0,0,0,0,0,0,0,0,0,0,0,0,0
498,The New Age,112.0,0.5962069999999999,5.0,4.8,1,1,1,0,0,0,0,0,0,0,0,0,0,0,0,0,0,0,0,0,0
499,No Escape,118.0,9.715187,86.0,6.1,1,1,1,0,0,0,0,0,0,0,0,0,0,0,0,0,0,0,0,0,0
500,North,87.0,15.534707000000001,67.0,4.8,1,1,1,0,0,0,0,0,0,0,0,0,0,0,0,0,0,0,0,0,0
501,Orlando,93.0,3.800785,53.0,6.7,1,1,1,0,0,0,0,0,0,0,0,0,0,0,0,0,0,0,0,0,0
502,A Perfect World,138.0,8.040589,376.0,7.2,1,1,1,0,0,0,0,0,0,0,0,0,0,0,0,0,0,0,0,0,0
503,Philadelphia,125.0,13.373006,1019.0,7.6,1,1,1,0,0,0,0,0,0,0,0,0,0,0,0,0,0,0,0,0,0
504,The Piano,121.0,7.436758,290.0,7.1,1,1,1,0,0,0,0,0,0,0,0,0,0,0,0,0,0,0,0,0,0
505,Poetic Justice,109.0,6.972599000000001,47.0,6.9,1,1,1,0,0,0,0,0,0,0,0,0,0,0,0,0,0,0,0,0,0
506,The Program,112.0,3.199976,28.0,6.0,1,1,1,0,0,0,0,0,0,0,0,0,0,0,0,0,0,0,0,0,0
507,The Puppet Masters,109.0,7.272296000000001,41.0,5.6,1,1,1,0,0,0,0,0,0,0,0,0,0,0,0,0,0,0,0,0,0
508,Radioland Murders,108.0,8.506727,12.0,5.8,1,1,1,0,0,0,0,0,0,0,0,0,0,0,0,0,0,0,0,0,0
509,The Ref,97.0,5.868677,99.0,6.7,1,1,1,0,0,0,0,0,0,0,0,0,0,0,0,0,0,0,0,0,0
510,The Remains of the Day,134.0,12.222576,213.0,7.5,1,1,1,0,0,0,0,0,0,0,0,0,0,0,0,0,0,0,0,0,0
511,Renaissance Man,128.0,4.985157,83.0,5.9,1,1,1,0,0,0,0,0,0,0,0,0,0,0,0,0,0,0,0,0,0
512,Rising Sun,125.0,6.279082,188.0,5.8,1,1,1,0,0,0,0,0,0,0,0,0,0,0,0,0,0,0,0,0,0
513,The Road to Wellville,118.0,3.416181,43.0,5.5,1,1,1,0,0,0,0,0,0,0,0,0,0,0,0,0,0,0,0,0,0
514,RoboCop 3,104.0,8.685798,309.0,4.2,1,1,1,0,0,0,0,0,0,0,0,0,0,0,0,0,0,0,0,0,0
515,Robin Hood: Men in Tights,104.0,17.136672,575.0,6.4,1,1,1,0,0,0,0,0,0,0,0,0,0,0,0,0,0,0,0,0,0
516,Romeo Is Bleeding,100.0,9.796318,36.0,5.7,1,1,1,0,0,0,0,0,0,0,0,0,0,0,0,0,0,0,0,0,0
517,Romper Stomper,94.0,5.157926,126.0,6.6,1,1,1,0,0,0,0,0,0,0,0,0,0,0,0,0,0,0,0,0,0
518,Ruby in Paradise,114.0,0.941994,10.0,5.6,1,1,1,0,0,0,0,0,0,0,0,0,0,0,0,0,0,0,0,0,0
519,Rudy,114.0,5.914833,187.0,7.2,1,1,1,0,0,0,0,0,0,0,0,0,0,0,0,0,0,0,0,0,0
520,The Saint of Fort Washington,99.0,1.065843,5.0,4.0,1,1,1,0,0,0,0,0,0,0,0,0,0,0,0,0,0,0,0,0,0
521,Savage Nights,126.0,1.031556,11.0,6.2,1,1,1,0,0,0,0,0,0,0,0,0,0,0,0,0,0,0,0,0,0
522,Schindler's List,195.0,41.725122999999996,4436.0,8.3,1,1,1,0,0,0,0,0,0,0,0,0,0,0,0,0,0,0,0,0,0
523,The Scout,101.0,5.7156080000000005,37.0,5.3,1,1,1,0,0,0,0,0,0,0,0,0,0,0,0,0,0,0,0,0,0
524,Searching for Bobby Fischer,110.0,12.048587,100.0,7.3,1,1,1,0,0,0,0,0,0,0,0,0,0,0,0,0,0,0,0,0,0
525,Second Best,105.0,0.8825959999999999,8.0,5.9,1,1,1,0,0,0,0,0,0,0,0,0,0,0,0,0,0,0,0,0,0
526,The Secret Garden,102.0,6.499523,232.0,7.1,1,1,1,0,0,0,0,0,0,0,0,0,0,0,0,0,0,0,0,0,0
527,Serial Mom,95.0,5.305311,137.0,6.4,1,1,1,0,0,0,0,0,0,0,0,0,0,0,0,0,0,0,0,0,0
528,The Shadow,108.0,7.881107000000001,140.0,5.4,1,1,1,0,0,0,0,0,0,0,0,0,0,0,0,0,0,0,0,0,0
529,Shadowlands,131.0,2.9658599999999997,61.0,6.8,1,1,1,0,0,0,0,0,0,0,0,0,0,0,0,0,0,0,0,0,0
530,Short Cuts,187.0,8.829336999999999,136.0,6.9,1,1,1,0,0,0,0,0,0,0,0,0,0,0,0,0,0,0,0,0,0
531,A Simple Twist of Fate,106.0,4.13516,26.0,5.7,1,1,1,0,0,0,0,0,0,0,0,0,0,0,0,0,0,0,0,0,0
532,Sirens,98.0,2.86213,31.0,5.2,1,1,1,0,0,0,0,0,0,0,0,0,0,0,0,0,0,0,0,0,0
533,Six Degrees of Separation,112.0,8.730025,75.0,6.5,1,1,1,0,0,0,0,0,0,0,0,0,0,0,0,0,0,0,0,0,0
534,Sleepless in Seattle,105.0,10.234919,630.0,6.5,1,1,1,0,0,0,0,0,0,0,0,0,0,0,0,0,0,0,0,0,0
535,Sliver,108.0,11.23297,144.0,4.9,1,1,1,0,0,0,0,0,0,0,0,0,0,0,0,0,0,0,0,0,0
536,Blade Runner,117.0,96.272374,3833.0,7.9,1,1,1,0,0,0,0,0,0,0,0,0,0,0,0,0,0,0,0,0,0
537,Son in Law,95.0,9.122717999999999,81.0,5.6,1,1,1,0,0,0,0,0,0,0,0,0,0,0,0,0,0,0,0,0,0
538,So I Married an Axe Murderer,93.0,8.051914,131.0,6.1,1,1,1,0,0,0,0,0,0,0,0,0,0,0,0,0,0,0,0,0,0
539,Striking Distance,102.0,13.390917000000002,223.0,5.4,1,1,1,0,0,0,0,0,0,0,0,0,0,0,0,0,0,0,0,0,0
540,Harem,113.0,1.825468,4.0,4.0,1,1,1,0,0,0,0,0,0,0,0,0,0,0,0,0,0,0,0,0,0
541,Super Mario Bros.,104.0,7.198455,236.0,4.0,1,1,1,0,0,0,0,0,0,0,0,0,0,0,0,0,0,0,0,0,0
542,Surviving the Game,96.0,3.6446410000000005,53.0,6.1,1,1,1,0,0,0,0,0,0,0,0,0,0,0,0,0,0,0,0,0,0
543,Terminal Velocity,102.0,8.012225,82.0,5.0,1,1,1,0,0,0,0,0,0,0,0,0,0,0,0,0,0,0,0,0,0
544,Thirty Two Short Films About Glenn Gould,93.0,0.8730680000000001,9.0,7.4,1,1,1,0,0,0,0,0,0,0,0,0,0,0,0,0,0,0,0,0,0
545,Threesome,93.0,10.82236,57.0,6.3,1,1,1,0,0,0,0,0,0,0,0,0,0,0,0,0,0,0,0,0,0
546,The Nightmare Before Christmas,76.0,17.730913,2135.0,7.6,1,1,1,0,0,0,0,0,0,0,0,0,0,0,0,0,0,0,0,0,0
547,The Three Musketeers,105.0,6.34785,219.0,6.2,1,1,1,0,0,0,0,0,0,0,0,0,0,0,0,0,0,0,0,0,0
548,Tombstone,130.0,11.338194,632.0,7.4,1,1,1,0,0,0,0,0,0,0,0,0,0,0,0,0,0,0,0,0,0
549,Trial by Jury,107.0,0.8558600000000001,5.0,5.5,1,1,1,0,0,0,0,0,0,0,0,0,0,0,0,0,0,0,0,0,0
550,True Romance,120.0,17.189328,762.0,7.5,1,1,1,0,0,0,0,0,0,0,0,0,0,0,0,0,0,0,0,0,0
551,The War Room,96.0,1.273617,19.0,7.3,1,1,1,0,0,0,0,0,0,0,0,0,0,0,0,0,0,0,0,0,0
552,The Pagemaster,80.0,7.436000999999999,178.0,6.2,1,1,1,0,0,0,0,0,0,0,0,0,0,0,0,0,0,0,0,0,0
553,"Paris, France",112.0,0.741522,2.0,6.0,1,1,1,0,0,0,0,0,0,0,0,0,0,0,0,0,0,0,0,0,0
554,"The Beans of Egypt, Maine",0.0,0.38247,1.0,0.0,1,1,1,0,0,0,0,0,0,0,0,0,0,0,0,0,0,0,0,0,0
555,Killer,97.0,0.422224,2.0,3.0,1,1,1,0,0,0,0,0,0,0,0,0,0,0,0,0,0,0,0,0,0
556,Welcome to the Dollhouse,88.0,5.14056,103.0,6.9,1,1,1,0,0,0,0,0,0,0,0,0,0,0,0,0,0,0,0,0,0
557,Germinal,160.0,2.759302,43.0,6.3,1,1,1,0,0,0,0,0,0,0,0,0,0,0,0,0,0,0,0,0,0
558,Chasers,102.0,9.85327,22.0,4.7,1,1,1,0,0,0,0,0,0,0,0,0,0,0,0,0,0,0,0,0,0
559,Cronos,94.0,5.513024,153.0,6.4,1,1,1,0,0,0,0,0,0,0,0,0,0,0,0,0,0,0,0,0,0
560,Naked in New York,95.0,0.449733,3.0,4.0,1,1,1,0,0,0,0,0,0,0,0,0,0,0,0,0,0,0,0,0,0
561,Kika,117.0,3.647321,58.0,6.8,1,1,1,0,0,0,0,0,0,0,0,0,0,0,0,0,0,0,0,0,0
562,Bhaji on the Beach,100.0,0.44158500000000006,10.0,5.1,1,1,1,0,0,0,0,0,0,0,0,0,0,0,0,0,0,0,0,0,0
563,Little Big League,119.0,1.960563,20.0,6.0,1,1,1,0,0,0,0,0,0,0,0,0,0,0,0,0,0,0,0,0,0
564,The Slingshot,102.0,1.7645819999999999,10.0,6.2,1,1,1,0,0,0,0,0,0,0,0,0,0,0,0,0,0,0,0,0,0
565,Wide Eyed and Legless,102.0,0.00015,0.0,0.0,1,1,1,0,0,0,0,0,0,0,0,0,0,0,0,0,0,0,0,0,0
566,Foreign Student,90.0,0.0027890000000000002,0.0,0.0,1,1,1,0,0,0,0,0,0,0,0,0,0,0,0,0,0,0,0,0,0
567,"Ciao, Professore!",100.0,3.456868,74.0,7.2,1,1,1,0,0,0,0,0,0,0,0,0,0,0,0,0,0,0,0,0,0
568,Spanking the Monkey,106.0,2.799575,29.0,5.3,1,1,1,0,0,0,0,0,0,0,0,0,0,0,0,0,0,0,0,0,0
569,The Little Rascals,82.0,6.707109,214.0,6.3,1,1,1,0,0,0,0,0,0,0,0,0,0,0,0,0,0,0,0,0,0
570,À la mode,82.0,8.2e-05,0.0,0.0,1,1,1,0,0,0,0,0,0,0,0,0,0,0,0,0,0,0,0,0,0
571,Andre,94.0,3.139316,31.0,5.0,1,1,1,0,0,0,0,0,0,0,0,0,0,0,0,0,0,0,0,0,0
572,The Escort,92.0,0.046196,5.0,5.0,1,1,1,0,0,0,0,0,0,0,0,0,0,0,0,0,0,0,0,0,0
573,Princess Caraboo,97.0,1.943323,5.0,4.4,1,1,1,0,0,0,0,0,0,0,0,0,0,0,0,0,0,0,0,0,0
574,The Celluloid Closet,102.0,6.784687,24.0,7.0,1,1,1,0,0,0,0,0,0,0,0,0,0,0,0,0,0,0,0,0,0
575,Café au Lait,94.0,1.040873,4.0,6.8,1,1,1,0,0,0,0,0,0,0,0,0,0,0,0,0,0,0,0,0,0
576,Dear Diary,100.0,2.904734,46.0,6.9,1,1,1,0,0,0,0,0,0,0,0,0,0,0,0,0,0,0,0,0,0
577,I Don't Want to Talk About It,106.0,1.213481,1.0,6.0,1,1,1,0,0,0,0,0,0,0,0,0,0,0,0,0,0,0,0,0,0
578,The Brady Bunch Movie,84.0,4.233092,87.0,5.9,1,1,1,0,0,0,0,0,0,0,0,0,0,0,0,0,0,0,0,0,0
579,Home Alone,103.0,0.702543,2487.0,7.1,1,1,1,0,0,0,0,0,0,0,0,0,0,0,0,0,0,0,0,0,0
580,Ghost,127.0,11.945397,1381.0,6.9,1,1,1,0,0,0,0,0,0,0,0,0,0,0,0,0,0,0,0,0,0
581,Aladdin,90.0,16.357419,3495.0,7.4,1,1,1,0,0,0,0,0,0,0,0,0,0,0,0,0,0,0,0,0,0
582,Terminator 2: Judgment Day,137.0,22.661695,4274.0,7.7,1,1,1,0,0,0,0,0,0,0,0,0,0,0,0,0,0,0,0,0,0
583,Dances with Wolves,181.0,11.654349,1084.0,7.6,1,1,1,0,0,0,0,0,0,0,0,0,0,0,0,0,0,0,0,0,0
584,Tough and Deadly,92.0,0.426887,4.0,6.3,1,1,1,0,0,0,0,0,0,0,0,0,0,0,0,0,0,0,0,0,0
585,Batman,126.0,19.10673,2145.0,7.0,1,1,1,0,0,0,0,0,0,0,0,0,0,0,0,0,0,0,0,0,0
586,The Silence of the Lambs,119.0,4.307222,4549.0,8.1,1,1,1,0,0,0,0,0,0,0,0,0,0,0,0,0,0,0,0,0,0
587,Snow White and the Seven Dwarfs,83.0,16.263878,1973.0,6.9,1,1,1,0,0,0,0,0,0,0,0,0,0,0,0,0,0,0,0,0,0
588,Beauty and the Beast,84.0,23.433511,3029.0,7.5,1,1,1,0,0,0,0,0,0,0,0,0,0,0,0,0,0,0,0,0,0
589,Pinocchio,88.0,14.202283999999999,1412.0,6.9,1,1,1,0,0,0,0,0,0,0,0,0,0,0,0,0,0,0,0,0,0
590,Pretty Woman,119.0,13.348451,1807.0,7.0,1,1,1,0,0,0,0,0,0,0,0,0,0,0,0,0,0,0,0,0,0
591,Window to Paris,87.0,0.345748,6.0,6.0,1,1,1,0,0,0,0,0,0,0,0,0,0,0,0,0,0,0,0,0,0
592,The Wild Bunch,145.0,11.722424,266.0,7.7,1,1,1,0,0,0,0,0,0,0,0,0,0,0,0,0,0,0,0,0,0
593,Love and a .45,101.0,3.4052300000000004,15.0,5.5,1,1,1,0,0,0,0,0,0,0,0,0,0,0,0,0,0,0,0,0,0
594,The Wooden Man's Bride,113.0,0.088451,1.0,6.5,1,1,1,0,0,0,0,0,0,0,0,0,0,0,0,0,0,0,0,0,0
595,A Great Day in Harlem,60.0,0.076352,2.0,7.0,1,1,1,0,0,0,0,0,0,0,0,0,0,0,0,0,0,0,0,0,0
596,Bye Bye Love,106.0,2.47308,20.0,6.1,1,1,1,0,0,0,0,0,0,0,0,0,0,0,0,0,0,0,0,0,0
597,One Fine Day,108.0,7.009946,160.0,6.1,1,1,1,0,0,0,0,0,0,0,0,0,0,0,0,0,0,0,0,0,0
598,Candyman: Farewell to the Flesh,93.0,4.9835519999999995,64.0,5.0,1,1,1,0,0,0,0,0,0,0,0,0,0,0,0,0,0,0,0,0,0
599,Century,112.0,1.4610290000000001,1.0,5.0,1,1,1,0,0,0,0,0,0,0,0,0,0,0,0,0,0,0,0,0,0
600,Fargo,98.0,12.61469,2080.0,7.7,1,1,1,0,0,0,0,0,0,0,0,0,0,0,0,0,0,0,0,0,0
601,Homeward Bound II: Lost in San Francisco,89.0,14.657754,105.0,6.0,1,1,1,0,0,0,0,0,0,0,0,0,0,0,0,0,0,0,0,0,0
602,Heavy Metal,90.0,7.640072999999999,150.0,6.3,1,1,1,0,0,0,0,0,0,0,0,0,0,0,0,0,0,0,0,0,0
603,Hellraiser: Bloodline,86.0,5.263187,111.0,4.9,1,1,1,0,0,0,0,0,0,0,0,0,0,0,0,0,0,0,0,0,0
604,The Pallbearer,97.0,8.174116,30.0,4.6,1,1,1,0,0,0,0,0,0,0,0,0,0,0,0,0,0,0,0,0,0
605,Jane Eyre,112.0,2.420301,51.0,7.1,1,1,1,0,0,0,0,0,0,0,0,0,0,0,0,0,0,0,0,0,0
606,Loaded,91.0,0.618066,3.0,4.0,1,1,1,0,0,0,0,0,0,0,0,0,0,0,0,0,0,0,0,0,0
607,Bread and Chocolate,100.0,1.3066280000000001,10.0,7.1,1,1,1,0,0,0,0,0,0,0,0,0,0,0,0,0,0,0,0,0,0
608,The Aristocats,78.0,9.834047,1287.0,7.1,1,1,1,0,0,0,0,0,0,0,0,0,0,0,0,0,0,0,0,0,0
609,The Flower of My Secret,107.0,2.286788,43.0,6.9,1,1,1,0,0,0,0,0,0,0,0,0,0,0,0,0,0,0,0,0,0
610,Two Much,118.0,1.620174,24.0,5.1,1,1,1,0,0,0,0,0,0,0,0,0,0,0,0,0,0,0,0,0,0
611,Ed,94.0,5.174212000000001,24.0,3.6,1,1,1,0,0,0,0,0,0,0,0,0,0,0,0,0,0,0,0,0,0
612,Scream of Stone,105.0,0.736081,4.0,7.5,1,1,1,0,0,0,0,0,0,0,0,0,0,0,0,0,0,0,0,0,0
613,My Favorite Season,127.0,0.5169239999999999,4.0,6.4,1,1,1,0,0,0,0,0,0,0,0,0,0,0,0,0,0,0,0,0,0
614,A Modern Affair,90.0,0.173207,1.0,5.0,1,1,1,0,0,0,0,0,0,0,0,0,0,0,0,0,0,0,0,0,0
615,Condition Red,83.0,0.793932,3.0,4.7,1,1,1,0,0,0,0,0,0,0,0,0,0,0,0,0,0,0,0,0,0
616,Halfaouine: Boy of the Terraces,98.0,1.9833009999999998,5.0,7.4,1,1,1,0,0,0,0,0,0,0,0,0,0,0,0,0,0,0,0,0,0
617,A Thin Line Between Love and Hate,108.0,2.2567470000000003,15.0,5.7,1,1,1,0,0,0,0,0,0,0,0,0,0,0,0,0,0,0,0,0,0
618,The Last Supper,92.0,4.619915,82.0,6.5,1,1,1,0,0,0,0,0,0,0,0,0,0,0,0,0,0,0,0,0,0
619,Primal Fear,129.0,10.326213000000001,644.0,7.4,1,1,1,0,0,0,0,0,0,0,0,0,0,0,0,0,0,0,0,0,0
620,Rude,89.0,0.065827,1.0,6.0,1,1,1,0,0,0,0,0,0,0,0,0,0,0,0,0,0,0,0,0,0
621,Carried Away,109.0,1.67218,5.0,5.4,1,1,1,0,0,0,0,0,0,0,0,0,0,0,0,0,0,0,0,0,0
622,All Dogs Go to Heaven 2,82.0,5.028897,50.0,5.0,1,1,1,0,0,0,0,0,0,0,0,0,0,0,0,0,0,0,0,0,0
623,Land and Freedom,109.0,6.144235,53.0,7.0,1,1,1,0,0,0,0,0,0,0,0,0,0,0,0,0,0,0,0,0,0
624,Denise Calls Up,80.0,0.466476,5.0,6.6,1,1,1,0,0,0,0,0,0,0,0,0,0,0,0,0,0,0,0,0,0
625,Theodore Rex,92.0,2.583686,17.0,3.6,1,1,1,0,0,0,0,0,0,0,0,0,0,0,0,0,0,0,0,0,0
626,A Family Thing,109.0,6.207993,14.0,5.6,1,1,1,0,0,0,0,0,0,0,0,0,0,0,0,0,0,0,0,0,0
627,Frisk,88.0,0.319215,3.0,3.0,1,1,1,0,0,0,0,0,0,0,0,0,0,0,0,0,0,0,0,0,0
628,Sgt. Bilko,90.0,5.70904,96.0,5.5,1,1,1,0,0,0,0,0,0,0,0,0,0,0,0,0,0,0,0,0,0
629,Jack & Sarah,110.0,1.5234459999999999,10.0,5.1,1,1,1,0,0,0,0,0,0,0,0,0,0,0,0,0,0,0,0,0,0
630,Girl 6,108.0,4.405169,17.0,5.7,1,1,1,0,0,0,0,0,0,0,0,0,0,0,0,0,0,0,0,0,0
631,Diabolique,107.0,4.530079,74.0,5.4,1,1,1,0,0,0,0,0,0,0,0,0,0,0,0,0,0,0,0,0,0
632,"Little Indian, Big City",90.0,4.7281629999999994,145.0,6.0,1,1,1,0,0,0,0,0,0,0,0,0,0,0,0,0,0,0,0,0,0
633,Roula,97.0,0.14915699999999998,1.0,5.0,1,1,1,0,0,0,0,0,0,0,0,0,0,0,0,0,0,0,0,0,0
634,Peanuts – Die Bank zahlt alles,,0.066123,1.0,4.0,1,1,1,0,0,0,0,0,0,0,0,0,0,0,0,0,0,0,0,0,0
635,Happy Weekend,,0.002229,0.0,0.0,1,1,1,0,0,0,0,0,0,0,0,0,0,0,0,0,0,0,0,0,0
636,Nelly and Monsieur Arnaud,106.0,1.784647,16.0,7.1,1,1,1,0,0,0,0,0,0,0,0,0,0,0,0,0,0,0,0,0,0
637,Courage Under Fire,117.0,11.595316,240.0,6.2,1,1,1,0,0,0,0,0,0,0,0,0,0,0,0,0,0,0,0,0,0
638,Mission: Impossible,110.0,15.793477,2677.0,6.7,1,1,1,0,0,0,0,0,0,0,0,0,0,0,0,0,0,0,0,0,0
639,Cold Fever,85.0,0.49497700000000006,6.0,7.7,1,1,1,0,0,0,0,0,0,0,0,0,0,0,0,0,0,0,0,0,0
640,Moll Flanders,123.0,2.337263,19.0,6.2,1,1,1,0,0,0,0,0,0,0,0,0,0,0,0,0,0,0,0,0,0
641,The Superwife,86.0,0.821299,7.0,5.3,1,1,1,0,0,0,0,0,0,0,0,0,0,0,0,0,0,0,0,0,0
642,"301, 302",100.0,0.39662600000000003,10.0,6.2,1,1,1,0,0,0,0,0,0,0,0,0,0,0,0,0,0,0,0,0,0
643,DragonHeart,103.0,23.636589999999998,553.0,6.4,1,1,1,0,0,0,0,0,0,0,0,0,0,0,0,0,0,0,0,0,0
644,Und keiner weint mir nach,,0.439989,0.0,0.0,1,1,1,0,0,0,0,0,0,0,0,0,0,0,0,0,0,0,0,0,0
645,My Mother's Courage,93.0,0.622885,0.0,0.0,1,1,1,0,0,0,0,0,0,0,0,0,0,0,0,0,0,0,0,0,0
646,Eddie,100.0,3.09233,46.0,5.4,1,1,1,0,0,0,0,0,0,0,0,0,0,0,0,0,0,0,0,0,0
647,Yankee Zulu,100.0,1.558066,4.0,6.0,1,1,1,0,0,0,0,0,0,0,0,0,0,0,0,0,0,0,0,0,0
648,Billy's Holiday,92.0,0.002444,0.0,0.0,1,1,1,0,0,0,0,0,0,0,0,0,0,0,0,0,0,0,0,0,0
649,Purple Noon,115.0,3.804493,73.0,7.3,1,1,1,0,0,0,0,0,0,0,0,0,0,0,0,0,0,0,0,0,0
650,August,94.0,0.987434,3.0,5.3,1,1,1,0,0,0,0,0,0,0,0,0,0,0,0,0,0,0,0,0,0
651,James and the Giant Peach,79.0,13.217623000000001,375.0,6.2,1,1,1,0,0,0,0,0,0,0,0,0,0,0,0,0,0,0,0,0,0
652,Fear,97.0,6.9549259999999995,157.0,6.1,1,1,1,0,0,0,0,0,0,0,0,0,0,0,0,0,0,0,0,0,0
653,Kids in the Hall: Brain Candy,89.0,2.299851,26.0,5.9,1,1,1,0,0,0,0,0,0,0,0,0,0,0,0,0,0,0,0,0,0
654,Faithful,91.0,1.2968620000000002,4.0,4.8,1,1,1,0,0,0,0,0,0,0,0,0,0,0,0,0,0,0,0,0,0
655,Underground,170.0,14.587894,143.0,7.5,1,1,1,0,0,0,0,0,0,0,0,0,0,0,0,0,0,0,0,0,0
656,All Things Fair,130.0,3.582047,23.0,6.1,1,1,1,0,0,0,0,0,0,0,0,0,0,0,0,0,0,0,0,0,0
657,Bloodsport II,90.0,3.085207,23.0,5.2,1,1,1,0,0,0,0,0,0,0,0,0,0,0,0,0,0,0,0,0,0
658,Pather Panchali,125.0,3.9007089999999995,63.0,7.9,1,1,1,0,0,0,0,0,0,0,0,0,0,0,0,0,0,0,0,0,0
659,The World of Apu,117.0,2.381806,40.0,8.2,1,1,1,0,0,0,0,0,0,0,0,0,0,0,0,0,0,0,0,0,0
660,Mystery Science Theater 3000: The Movie,73.0,2.985163,71.0,7.0,1,1,1,0,0,0,0,0,0,0,0,0,0,0,0,0,0,0,0,0,0
661,Tarantella,100.0,0.001662,0.0,0.0,1,1,1,0,0,0,0,0,0,0,0,0,0,0,0,0,0,0,0,0,0
662,Space Jam,88.0,11.054250999999999,1335.0,6.5,1,1,1,0,0,0,0,0,0,0,0,0,0,0,0,0,0,0,0,0,0
663,Barbarella,98.0,14.304205,149.0,5.7,1,1,1,0,0,0,0,0,0,0,0,0,0,0,0,0,0,0,0,0,0
664,Hostile Intentions,90.0,0.062388,1.0,8.0,1,1,1,0,0,0,0,0,0,0,0,0,0,0,0,0,0,0,0,0,0
665,They Bite,98.0,0.466991,1.0,5.5,1,1,1,0,0,0,0,0,0,0,0,0,0,0,0,0,0,0,0,0,0
666,Some Folks Call It a Sling Blade,25.0,0.459376,8.0,7.5,1,1,1,0,0,0,0,0,0,0,0,0,0,0,0,0,0,0,0,0,0
667,The Run of the Country,0.0,0.11766199999999999,2.0,8.0,1,1,1,0,0,0,0,0,0,0,0,0,0,0,0,0,0,0,0,0,0
668,Alphaville,100.0,4.658149,100.0,6.8,1,1,1,0,0,0,0,0,0,0,0,0,0,0,0,0,0,0,0,0,0
669,Coup de Torchon,128.0,2.2722130000000003,21.0,6.8,1,1,1,0,0,0,0,0,0,0,0,0,0,0,0,0,0,0,0,0,0
670,Tigrero: A Film That Was Never Made,75.0,0.18342999999999998,4.0,7.5,1,1,1,0,0,0,0,0,0,0,0,0,0,0,0,0,0,0,0,0,0
671,The Eye of Vichy,110.0,0.004117,0.0,0.0,1,1,1,0,0,0,0,0,0,0,0,0,0,0,0,0,0,0,0,0,0
672,Windows,96.0,0.400023,9.0,5.8,1,1,1,0,0,0,0,0,0,0,0,0,0,0,0,0,0,0,0,0,0
673,It's My Party,110.0,2.791667,9.0,6.2,1,1,1,0,0,0,0,0,0,0,0,0,0,0,0,0,0,0,0,0,0
674,Country Life,118.0,0.487357,1.0,8.0,1,1,1,0,0,0,0,0,0,0,0,0,0,0,0,0,0,0,0,0,0
675,Operation Dumbo Drop,107.0,4.357971,37.0,4.7,1,1,1,0,0,0,0,0,0,0,0,0,0,0,0,0,0,0,0,0,0
676,The Promise,115.0,0.122178,1.0,5.0,1,1,1,0,0,0,0,0,0,0,0,0,0,0,0,0,0,0,0,0,0
677,Mrs. Winterbourne,105.0,9.1861,26.0,5.5,1,1,1,0,0,0,0,0,0,0,0,0,0,0,0,0,0,0,0,0,0
678,Solo,94.0,1.899069,18.0,3.9,1,1,1,0,0,0,0,0,0,0,0,0,0,0,0,0,0,0,0,0,0
679,Under The Domim Tree,0.0,0.7106600000000001,2.0,6.5,1,1,1,0,0,0,0,0,0,0,0,0,0,0,0,0,0,0,0,0,0
680,The Substitute,114.0,10.685369999999999,60.0,5.8,1,1,1,0,0,0,0,0,0,0,0,0,0,0,0,0,0,0,0,0,0
681,True Crime,94.0,1.217249,7.0,5.1,1,1,1,0,0,0,0,0,0,0,0,0,0,0,0,0,0,0,0,0,0
682,Butterfly Kiss,88.0,0.8778530000000001,5.0,7.4,1,1,1,0,0,0,0,0,0,0,0,0,0,0,0,0,0,0,0,0,0
683,Feeling Minnesota,99.0,10.298582000000001,29.0,5.5,1,1,1,0,0,0,0,0,0,0,0,0,0,0,0,0,0,0,0,0,0
684,Delta of Venus,99.0,1.0991870000000001,5.0,3.3,1,1,1,0,0,0,0,0,0,0,0,0,0,0,0,0,0,0,0,0,0
685,To Cross the Rubicon,0.0,0.006854000000000001,0.0,0.0,1,1,1,0,0,0,0,0,0,0,0,0,0,0,0,0,0,0,0,0,0
686,Angus,90.0,2.25008,24.0,6.8,1,1,1,0,0,0,0,0,0,0,0,0,0,0,0,0,0,0,0,0,0
687,Priest Daens,138.0,0.755047,15.0,6.7,1,1,1,0,0,0,0,0,0,0,0,0,0,0,0,0,0,0,0,0,0
688,Faces,130.0,7.918417999999999,36.0,7.1,1,1,1,0,0,0,0,0,0,0,0,0,0,0,0,0,0,0,0,0,0
689,Boys,86.0,1.579153,11.0,5.3,1,1,1,0,0,0,0,0,0,0,0,0,0,0,0,0,0,0,0,0,0
690,The Quest,95.0,7.941972,126.0,5.3,1,1,1,0,0,0,0,0,0,0,0,0,0,0,0,0,0,0,0,0,0
691,Cosi,102.0,0.9470069999999999,9.0,7.1,1,1,1,0,0,0,0,0,0,0,0,0,0,0,0,0,0,0,0,0,0
692,Sunset Park,99.0,1.231692,7.0,5.1,1,1,1,0,0,0,0,0,0,0,0,0,0,0,0,0,0,0,0,0,0
693,Mulholland Falls,107.0,5.794630000000001,73.0,6.2,1,1,1,0,0,0,0,0,0,0,0,0,0,0,0,0,0,0,0,0,0
694,The Truth About Cats & Dogs,93.0,5.1212029999999995,86.0,5.7,1,1,1,0,0,0,0,0,0,0,0,0,0,0,0,0,0,0,0,0,0
695,Oliver & Company,74.0,10.813578999999999,372.0,6.5,1,1,1,0,0,0,0,0,0,0,0,0,0,0,0,0,0,0,0,0,0
696,Celtic Pride,91.0,1.9407470000000002,35.0,4.9,1,1,1,0,0,0,0,0,0,0,0,0,0,0,0,0,0,0,0,0,0
697,Flipper,95.0,4.5570059999999994,85.0,5.3,1,1,1,0,0,0,0,0,0,0,0,0,0,0,0,0,0,0,0,0,0
698,Captives,100.0,1.926109,10.0,6.0,1,1,1,0,0,0,0,0,0,0,0,0,0,0,0,0,0,0,0,0,0
699,Of Love and Shadows,103.0,0.709209,11.0,4.4,1,1,1,0,0,0,0,0,0,0,0,0,0,0,0,0,0,0,0,0,0
700,Dead Man,121.0,6.505272,397.0,7.2,1,1,1,0,0,0,0,0,0,0,0,0,0,0,0,0,0,0,0,0,0
701,The Horseman on the Roof,135.0,1.690768,25.0,6.7,1,1,1,0,0,0,0,0,0,0,0,0,0,0,0,0,0,0,0,0,0
702,Switchblade Sisters,91.0,6.035166,27.0,6.6,1,1,1,0,0,0,0,0,0,0,0,0,0,0,0,0,0,0,0,0,0
703,Mouth to Mouth,106.0,1.133409,5.0,5.5,1,1,1,0,0,0,0,0,0,0,0,0,0,0,0,0,0,0,0,0,0
704,The Visitors,107.0,7.326169,433.0,7.1,1,1,1,0,0,0,0,0,0,0,0,0,0,0,0,0,0,0,0,0,0
705,Multiplicity,117.0,8.768806,158.0,5.5,1,1,1,0,0,0,0,0,0,0,0,0,0,0,0,0,0,0,0,0,0
706,"The Haunted World of Edward D. Wood, Jr.",112.0,0.037443000000000004,1.0,10.0,1,1,1,0,0,0,0,0,0,0,0,0,0,0,0,0,0,0,0,0,0
707,Two Friends,86.0,0.003949,0.0,0.0,1,1,1,0,0,0,0,0,0,0,0,0,0,0,0,0,0,0,0,0,0
708,The Craft,101.0,12.860385,388.0,6.3,1,1,1,0,0,0,0,0,0,0,0,0,0,0,0,0,0,0,0,0,0
709,The Great White Hype,91.0,3.321765,29.0,5.1,1,1,1,0,0,0,0,0,0,0,0,0,0,0,0,0,0,0,0,0,0
710,Last Dance,103.0,1.1966860000000001,9.0,5.6,1,1,1,0,0,0,0,0,0,0,0,0,0,0,0,0,0,0,0,0,0
711,War Stories Our Mother Never Told Us,95.0,0.005625,0.0,0.0,1,1,1,0,0,0,0,0,0,0,0,0,0,0,0,0,0,0,0,0,0
712,Cold Comfort Farm,95.0,1.92386,21.0,7.0,1,1,1,0,0,0,0,0,0,0,0,0,0,0,0,0,0,0,0,0,0
713,"Institute Benjamenta, or This Dream People Call Human Life",104.0,0.543042,11.0,7.7,1,1,1,0,0,0,0,0,0,0,0,0,0,0,0,0,0,0,0,0,0
714,Heaven's Prisoners,132.0,9.264679,17.0,5.0,1,1,1,0,0,0,0,0,0,0,0,0,0,0,0,0,0,0,0,0,0
715,Original Gangstas,99.0,0.343579,5.0,5.5,1,1,1,0,0,0,0,0,0,0,0,0,0,0,0,0,0,0,0,0,0
716,The Rock,136.0,13.249823999999998,1474.0,6.9,1,1,1,0,0,0,0,0,0,0,0,0,0,0,0,0,0,0,0,0,0
717,Getting Away with Murder,91.0,0.7466619999999999,6.0,5.5,1,1,1,0,0,0,0,0,0,0,0,0,0,0,0,0,0,0,0,0,0
718,Cemetery Man,105.0,6.247819,105.0,7.0,1,1,1,0,0,0,0,0,0,0,0,0,0,0,0,0,0,0,0,0,0
719,Twister,113.0,8.739144,966.0,6.1,1,1,1,0,0,0,0,0,0,0,0,0,0,0,0,0,0,0,0,0,0
720,Barb Wire,98.0,5.877599,117.0,3.9,1,1,1,0,0,0,0,0,0,0,0,0,0,0,0,0,0,0,0,0,0
721,Le Garçu,102.0,0.125882,1.0,5.0,1,1,1,0,0,0,0,0,0,0,0,0,0,0,0,0,0,0,0,0,0
722,Honeymoon,92.0,0.652621,0.0,0.0,1,1,1,0,0,0,0,0,0,0,0,0,0,0,0,0,0,0,0,0,0
723,Ghost in the Shell,83.0,10.686166,854.0,7.8,1,1,1,0,0,0,0,0,0,0,0,0,0,0,0,0,0,0,0,0,0
724,Thinner,92.0,4.856229,125.0,5.5,1,1,1,0,0,0,0,0,0,0,0,0,0,0,0,0,0,0,0,0,0
725,Spy Hard,81.0,8.202057,148.0,4.9,1,1,1,0,0,0,0,0,0,0,0,0,0,0,0,0,0,0,0,0,0
726,Brothers in Trouble,102.0,0.594716,0.0,0.0,1,1,1,0,0,0,0,0,0,0,0,0,0,0,0,0,0,0,0,0,0
727,A Close Shave,30.0,6.796858,223.0,7.5,1,1,1,0,0,0,0,0,0,0,0,0,0,0,0,0,0,0,0,0,0
728,Force of Evil,78.0,4.386329,33.0,6.6,1,1,1,0,0,0,0,0,0,0,0,0,0,0,0,0,0,0,0,0,0
729,The Stupids,94.0,1.751457,22.0,4.2,1,1,1,0,0,0,0,0,0,0,0,0,0,0,0,0,0,0,0,0,0
730,The Arrival,115.0,6.497591000000001,200.0,6.1,1,1,1,0,0,0,0,0,0,0,0,0,0,0,0,0,0,0,0,0,0
731,The Man from Down Under,103.0,0.068254,0.0,0.0,1,1,1,0,0,0,0,0,0,0,0,0,0,0,0,0,0,0,0,0,0
732,Dr. Strangelove or: How I Learned to Stop Worrying and Love the Bomb,95.0,9.803980000000001,1472.0,8.0,1,1,1,0,0,0,0,0,0,0,0,0,0,0,0,0,0,0,0,0,0
733,Careful,100.0,0.160571,4.0,7.8,1,1,1,0,0,0,0,0,0,0,0,0,0,0,0,0,0,0,0,0,0
734,Vermont Is for Lovers,88.0,0.75,0.0,0.0,1,1,1,0,0,0,0,0,0,0,0,0,0,0,0,0,0,0,0,0,0
735,A Month by the Lake,92.0,0.8510780000000001,7.0,7.2,1,1,1,0,0,0,0,0,0,0,0,0,0,0,0,0,0,0,0,0,0
736,Gold Diggers: The Secret of Bear Mountain,94.0,5.508101,20.0,5.8,1,1,1,0,0,0,0,0,0,0,0,0,0,0,0,0,0,0,0,0,0
737,Kim,113.0,1.048075,5.0,7.0,1,1,1,0,0,0,0,0,0,0,0,0,0,0,0,0,0,0,0,0,0
738,Carmen Miranda: Ba0as Is My Business,91.0,0.146287,1.0,10.0,1,1,1,0,0,0,0,0,0,0,0,0,0,0,0,0,0,0,0,0,0
739,Ashes of Time,100.0,5.215992,73.0,7.1,1,1,1,0,0,0,0,0,0,0,0,0,0,0,0,0,0,0,0,0,0
740,The Jar,86.0,0.40153099999999997,3.0,8.0,1,1,1,0,0,0,0,0,0,0,0,0,0,0,0,0,0,0,0,0,0
741,Maya Lin: A Strong Clear Vision,105.0,0.0016079999999999998,0.0,0.0,1,1,1,0,0,0,0,0,0,0,0,0,0,0,0,0,0,0,0,0,0
742,Stalingrad,134.0,7.6672839999999995,116.0,7.4,1,1,1,0,0,0,0,0,0,0,0,0,0,0,0,0,0,0,0,0,0
743,The Phantom,100.0,8.079541,138.0,4.7,1,1,1,0,0,0,0,0,0,0,0,0,0,0,0,0,0,0,0,0,0
744,Striptease,115.0,11.341502,210.0,4.4,1,1,1,0,0,0,0,0,0,0,0,0,0,0,0,0,0,0,0,0,0
745,The Last of the High Kings,102.0,1.427756,15.0,5.7,1,1,1,0,0,0,0,0,0,0,0,0,0,0,0,0,0,0,0,0,0
746,Heavy,105.0,0.889498,11.0,7.7,1,1,1,0,0,0,0,0,0,0,0,0,0,0,0,0,0,0,0,0,0
747,Jack,113.0,6.2872449999999995,340.0,5.9,1,1,1,0,0,0,0,0,0,0,0,0,0,0,0,0,0,0,0,0,0
748,I Shot Andy Warhol,103.0,2.771201,32.0,6.1,1,1,1,0,0,0,0,0,0,0,0,0,0,0,0,0,0,0,0,0,0
749,The Grass Harp,107.0,0.36541799999999997,4.0,6.1,1,1,1,0,0,0,0,0,0,0,0,0,0,0,0,0,0,0,0,0,0
750,Someone Else's America,96.0,0.099602,0.0,0.0,1,1,1,0,0,0,0,0,0,0,0,0,0,0,0,0,0,0,0,0,0
751,Life is Rosy,80.0,0.514363,2.0,6.5,1,1,1,0,0,0,0,0,0,0,0,0,0,0,0,0,0,0,0,0,0
752,Quartier Mozart,80.0,0.011937999999999999,1.0,5.0,1,1,1,0,0,0,0,0,0,0,0,0,0,0,0,0,0,0,0,0,0
753,Touki Bouki,85.0,0.043903,10.0,7.3,1,1,1,0,0,0,0,0,0,0,0,0,0,0,0,0,0,0,0,0,0
754,God's Gift,75.0,0.049573,1.0,5.0,1,1,1,0,0,0,0,0,0,0,0,0,0,0,0,0,0,0,0,0,0
755,Spirits of the Dead,121.0,1.794298,24.0,5.5,1,1,1,0,0,0,0,0,0,0,0,0,0,0,0,0,0,0,0,0,0
756,Babyfever,109.0,0.0016870000000000001,0.0,0.0,1,1,1,0,0,0,0,0,0,0,0,0,0,0,0,0,0,0,0,0,0
757,Pharaoh's  Army,90.0,0.8379110000000001,5.0,6.3,1,1,1,0,0,0,0,0,0,0,0,0,0,0,0,0,0,0,0,0,0
758,Trainspotting,93.0,19.348466000000002,2737.0,7.8,1,1,1,0,0,0,0,0,0,0,0,0,0,0,0,0,0,0,0,0,0
759,Til There Was You,113.0,2.7000610000000003,4.0,3.9,1,1,1,0,0,0,0,0,0,0,0,0,0,0,0,0,0,0,0,0,0
760,Independence Day,145.0,17.634197,3334.0,6.7,1,1,1,0,0,0,0,0,0,0,0,0,0,0,0,0,0,0,0,0,0
761,Stealing Beauty,116.0,6.418805,99.0,6.6,1,1,1,0,0,0,0,0,0,0,0,0,0,0,0,0,0,0,0,0,0
762,The Fan,116.0,12.202063,202.0,5.7,1,1,1,0,0,0,0,0,0,0,0,0,0,0,0,0,0,0,0,0,0
763,The Hunchback of Notre Dame,91.0,13.553999,1182.0,6.8,1,1,1,0,0,0,0,0,0,0,0,0,0,0,0,0,0,0,0,0,0
764,The Cable Guy,96.0,7.586577,603.0,5.7,1,1,1,0,0,0,0,0,0,0,0,0,0,0,0,0,0,0,0,0,0
765,Kingpin,113.0,11.633347,248.0,6.7,1,1,1,0,0,0,0,0,0,0,0,0,0,0,0,0,0,0,0,0,0
766,Eraser,115.0,6.919314,553.0,5.6,1,1,1,0,0,0,0,0,0,0,0,0,0,0,0,0,0,0,0,0,0
767,The Gate of Heavenly Peace,180.0,0.10705,3.0,6.7,1,1,1,0,0,0,0,0,0,0,0,0,0,0,0,0,0,0,0,0,0
768,The Nutty Professor,95.0,9.651581,717.0,5.4,1,1,1,0,0,0,0,0,0,0,0,0,0,0,0,0,0,0,0,0,0
769,"I, the Worst of All",105.0,0.202495,3.0,6.8,1,1,1,0,0,0,0,0,0,0,0,0,0,0,0,0,0,0,0,0,0
770,An Unforgettable Summer,82.0,0.8263719999999999,6.0,7.2,1,1,1,0,0,0,0,0,0,0,0,0,0,0,0,0,0,0,0,0,0
771,A Hungarian Fairy Tale,97.0,0.043125,0.0,0.0,1,1,1,0,0,0,0,0,0,0,0,0,0,0,0,0,0,0,0,0,0
772,My Life and Times With Antonin Artaud,90.0,0.000308,1.0,8.0,1,1,1,0,0,0,0,0,0,0,0,0,0,0,0,0,0,0,0,0,0
773,Midnight Dancers,100.0,0.05956,1.0,7.0,1,1,1,0,0,0,0,0,0,0,0,0,0,0,0,0,0,0,0,0,0
774,Somebody to Love,102.0,0.9706879999999999,2.0,5.1,1,1,1,0,0,0,0,0,0,0,0,0,0,0,0,0,0,0,0,0,0
775,A Very Natural Thing,80.0,0.147662,3.0,6.3,1,1,1,0,0,0,0,0,0,0,0,0,0,0,0,0,0,0,0,0,0
776,The Old Lady Who Walked in the Sea,0.0,0.5734229999999999,0.0,0.0,1,1,1,0,0,0,0,0,0,0,0,0,0,0,0,0,0,0,0,0,0
777,Daylight,115.0,11.995799,385.0,5.8,1,1,1,0,0,0,0,0,0,0,0,0,0,0,0,0,0,0,0,0,0
778,The Frighteners,110.0,12.09096,413.0,6.7,1,1,1,0,0,0,0,0,0,0,0,0,0,0,0,0,0,0,0,0,0
779,Lone Star,135.0,9.069963000000001,79.0,6.9,1,1,1,0,0,0,0,0,0,0,0,0,0,0,0,0,0,0,0,0,0
780,Harriet the Spy,100.0,4.086563,47.0,5.7,1,1,1,0,0,0,0,0,0,0,0,0,0,0,0,0,0,0,0,0,0
781,Phenomenon,123.0,5.575991999999999,328.0,6.2,1,1,1,0,0,0,0,0,0,0,0,0,0,0,0,0,0,0,0,0,0
782,Walking and Talking,86.0,0.9132809999999999,8.0,6.6,1,1,1,0,0,0,0,0,0,0,0,0,0,0,0,0,0,0,0,0,0
783,She's the One,96.0,10.827266,71.0,5.7,1,1,1,0,0,0,0,0,0,0,0,0,0,0,0,0,0,0,0,0,0
784,A Time to Kill,149.0,13.309013,522.0,7.0,1,1,1,0,0,0,0,0,0,0,0,0,0,0,0,0,0,0,0,0,0
785,American Buffalo,88.0,7.031279,9.0,6.2,1,1,1,0,0,0,0,0,0,0,0,0,0,0,0,0,0,0,0,0,0
786,Rendezvous in Paris,94.0,0.22712800000000002,4.0,6.5,1,1,1,0,0,0,0,0,0,0,0,0,0,0,0,0,0,0,0,0,0
787,Alaska,109.0,2.318141,32.0,5.2,1,1,1,0,0,0,0,0,0,0,0,0,0,0,0,0,0,0,0,0,0
788,Fled,98.0,3.906949,49.0,5.2,1,1,1,0,0,0,0,0,0,0,0,0,0,0,0,0,0,0,0,0,0
789,Kazaam,93.0,8.962892,60.0,3.6,1,1,1,0,0,0,0,0,0,0,0,0,0,0,0,0,0,0,0,0,0
790,Magic Hunter,106.0,0.091984,1.0,6.0,1,1,1,0,0,0,0,0,0,0,0,0,0,0,0,0,0,0,0,0,0
791,Larger Than Life,93.0,3.521921,35.0,5.4,1,1,1,0,0,0,0,0,0,0,0,0,0,0,0,0,0,0,0,0,0
792,A Boy Called Hate,0.0,1.5660399999999999,2.0,6.0,1,1,1,0,0,0,0,0,0,0,0,0,0,0,0,0,0,0,0,0,0
793,Power 98,89.0,0.926867,1.0,4.0,1,1,1,0,0,0,0,0,0,0,0,0,0,0,0,0,0,0,0,0,0
794,Two Deaths,102.0,0.145092,2.0,7.0,1,1,1,0,0,0,0,0,0,0,0,0,0,0,0,0,0,0,0,0,0
795,A Very Brady Sequel,90.0,9.898696000000001,42.0,5.8,1,1,1,0,0,0,0,0,0,0,0,0,0,0,0,0,0,0,0,0,0
796,Stefano Quantestorie,82.0,0.036699,1.0,6.0,1,1,1,0,0,0,0,0,0,0,0,0,0,0,0,0,0,0,0,0,0
797,Death in the Garden,104.0,1.116063,8.0,7.4,1,1,1,0,0,0,0,0,0,0,0,0,0,0,0,0,0,0,0,0,0
798,Hedd Wyn,123.0,0.270432,2.0,6.5,1,1,1,0,0,0,0,0,0,0,0,0,0,0,0,0,0,0,0,0,0
799,La Collectionneuse,89.0,1.683348,25.0,6.5,1,1,1,0,0,0,0,0,0,0,0,0,0,0,0,0,0,0,0,0,0
800,Kaspar Hauser,139.0,0.0005780000000000001,4.0,6.3,1,1,1,0,0,0,0,0,0,0,0,0,0,0,0,0,0,0,0,0,0
801,Regular Guys,100.0,1.165202,9.0,5.2,1,1,1,0,0,0,0,0,0,0,0,0,0,0,0,0,0,0,0,0,0
802,Diebinnen,,0.10634500000000001,1.0,4.0,1,1,1,0,0,0,0,0,0,0,0,0,0,0,0,0,0,0,0,0,0
803,The Convent,91.0,1.606957,6.0,6.5,1,1,1,0,0,0,0,0,0,0,0,0,0,0,0,0,0,0,0,0,0
804,The Adventures of Pinocchio,90.0,7.523528,55.0,5.0,1,1,1,0,0,0,0,0,0,0,0,0,0,0,0,0,0,0,0,0,0
805,Joe's Apartment,78.0,9.490858,87.0,5.0,1,1,1,0,0,0,0,0,0,0,0,0,0,0,0,0,0,0,0,0,0
806,The First Wives Club,102.0,10.177303,172.0,6.5,1,1,1,0,0,0,0,0,0,0,0,0,0,0,0,0,0,0,0,0,0
807,Stonewall,99.0,0.9402280000000001,10.0,7.2,1,1,1,0,0,0,0,0,0,0,0,0,0,0,0,0,0,0,0,0,0
808,Ransom,117.0,8.772188,482.0,6.4,1,1,1,0,0,0,0,0,0,0,0,0,0,0,0,0,0,0,0,0,0
809,High School High,86.0,4.220058,51.0,5.4,1,1,1,0,0,0,0,0,0,0,0,0,0,0,0,0,0,0,0,0,0
810,Phat Beach,0.0,0.8798520000000001,8.0,5.4,1,1,1,0,0,0,0,0,0,0,0,0,0,0,0,0,0,0,0,0,0
811,Foxfire,102.0,3.186891,30.0,6.3,1,1,1,0,0,0,0,0,0,0,0,0,0,0,0,0,0,0,0,0,0
812,Chain Reaction,107.0,15.874491,291.0,5.3,1,1,1,0,0,0,0,0,0,0,0,0,0,0,0,0,0,0,0,0,0
813,Matilda,98.0,10.034915,892.0,6.9,1,1,1,0,0,0,0,0,0,0,0,0,0,0,0,0,0,0,0,0,0
814,Emma,121.0,6.593011,152.0,6.7,1,1,1,0,0,0,0,0,0,0,0,0,0,0,0,0,0,0,0,0,0
815,The Crow: City of Angels,84.0,6.554678999999999,119.0,5.2,1,1,1,0,0,0,0,0,0,0,0,0,0,0,0,0,0,0,0,0,0
816,House Arrest,108.0,12.297782000000002,32.0,5.0,1,1,1,0,0,0,0,0,0,0,0,0,0,0,0,0,0,0,0,0,0
817,Eyes Without a Face,90.0,9.935891,130.0,7.5,1,1,1,0,0,0,0,0,0,0,0,0,0,0,0,0,0,0,0,0,0
818,Bordello of Blood,87.0,3.4504019999999995,63.0,5.0,1,1,1,0,0,0,0,0,0,0,0,0,0,0,0,0,0,0,0,0,0
819,Lotto Land,87.0,0.042365,1.0,7.0,1,1,1,0,0,0,0,0,0,0,0,0,0,0,0,0,0,0,0,0,0
820,The Story of Xinghua,90.0,0.001652,0.0,0.0,1,1,1,0,0,0,0,0,0,0,0,0,0,0,0,0,0,0,0,0,0
821,The Day the Sun Turned Cold,99.0,0.076062,2.0,7.0,1,1,1,0,0,0,0,0,0,0,0,0,0,0,0,0,0,0,0,0,0
822,Flirt,85.0,1.663948,4.0,7.5,1,1,1,0,0,0,0,0,0,0,0,0,0,0,0,0,0,0,0,0,0
823,The Big Squeeze,98.0,0.404501,1.0,5.0,1,1,1,0,0,0,0,0,0,0,0,0,0,0,0,0,0,0,0,0,0
824,The Spitfire Grill,117.0,1.19589,17.0,6.8,1,1,1,0,0,0,0,0,0,0,0,0,0,0,0,0,0,0,0,0,0
825,Escape from L.A.,97.0,12.229381,381.0,5.6,1,1,1,0,0,0,0,0,0,0,0,0,0,0,0,0,0,0,0,0,0
826,Cyclo,123.0,1.781952,23.0,6.8,1,1,1,0,0,0,0,0,0,0,0,0,0,0,0,0,0,0,0,0,0
827,Basquiat,108.0,4.797674,97.0,6.6,1,1,1,0,0,0,0,0,0,0,0,0,0,0,0,0,0,0,0,0,0
828,Tin Cup,135.0,6.2496599999999995,152.0,5.9,1,1,1,0,0,0,0,0,0,0,0,0,0,0,0,0,0,0,0,0,0
829,Dingo,109.0,0.12427300000000001,1.0,6.0,1,1,1,0,0,0,0,0,0,0,0,0,0,0,0,0,0,0,0,0,0
830,The Ballad of Narayama,98.0,0.9692540000000001,12.0,6.4,1,1,1,0,0,0,0,0,0,0,0,0,0,0,0,0,0,0,0,0,0
831,Every Other Weekend,104.0,0.629807,2.0,6.0,1,1,1,0,0,0,0,0,0,0,0,0,0,0,0,0,0,0,0,0,0
832,Mille bolle blu,0.0,0.03537,1.0,6.0,1,1,1,0,0,0,0,0,0,0,0,0,0,0,0,0,0,0,0,0,0
833,Crows and Sparrows,113.0,0.036478,1.0,5.0,1,1,1,0,0,0,0,0,0,0,0,0,0,0,0,0,0,0,0,0,0
834,The Godfather,175.0,41.109264,6024.0,8.5,1,1,1,0,0,0,0,0,0,0,0,0,0,0,0,0,0,0,0,0,0
835,Maybe... Maybe Not,90.0,8.593319000000001,34.0,6.1,1,1,1,0,0,0,0,0,0,0,0,0,0,0,0,0,0,0,0,0,0
836,Police Story 3: Supercop,95.0,6.751864,109.0,6.7,1,1,1,0,0,0,0,0,0,0,0,0,0,0,0,0,0,0,0,0,0
837,Manny & Lo,88.0,1.143656,9.0,6.3,1,1,1,0,0,0,0,0,0,0,0,0,0,0,0,0,0,0,0,0,0
838,Wife,89.0,0.096079,0.0,0.0,1,1,1,0,0,0,0,0,0,0,0,0,0,0,0,0,0,0,0,0,0
839,Small Faces,108.0,0.9091299999999999,10.0,6.4,1,1,1,0,0,0,0,0,0,0,0,0,0,0,0,0,0,0,0,0,0
840,Bound,108.0,12.449574,203.0,6.9,1,1,1,0,0,0,0,0,0,0,0,0,0,0,0,0,0,0,0,0,0
841,Carpool,89.0,3.7140489999999997,17.0,4.9,1,1,1,0,0,0,0,0,0,0,0,0,0,0,0,0,0,0,0,0,0
842,Death in Brunswick,109.0,0.9139870000000001,7.0,6.1,1,1,1,0,0,0,0,0,0,0,0,0,0,0,0,0,0,0,0,0,0
843,Kansas City,116.0,5.130136,13.0,6.1,1,1,1,0,0,0,0,0,0,0,0,0,0,0,0,0,0,0,0,0,0
844,Gone Fishin',94.0,2.289647,48.0,4.7,1,1,1,0,0,0,0,0,0,0,0,0,0,0,0,0,0,0,0,0,0
845,Lover's Knot,82.0,0.14315,2.0,4.0,1,1,1,0,0,0,0,0,0,0,0,0,0,0,0,0,0,0,0,0,0
846,Vive L'Amour,118.0,1.404588,16.0,7.3,1,1,1,0,0,0,0,0,0,0,0,0,0,0,0,0,0,0,0,0,0
847,Shadow of Angels,101.0,0.364246,2.0,4.0,1,1,1,0,0,0,0,0,0,0,0,0,0,0,0,0,0,0,0,0,0
848,Killer: A Journal of Murder,91.0,0.705136,10.0,6.3,1,1,1,0,0,0,0,0,0,0,0,0,0,0,0,0,0,0,0,0,0
849,Nothing to Lose,0.0,0.001771,0.0,0.0,1,1,1,0,0,0,0,0,0,0,0,0,0,0,0,0,0,0,0,0,0
850,Project S,104.0,1.2625389999999999,12.0,5.8,1,1,1,0,0,0,0,0,0,0,0,0,0,0,0,0,0,0,0,0,0
851,Girls Town,90.0,0.6356689999999999,3.0,5.2,1,1,1,0,0,0,0,0,0,0,0,0,0,0,0,0,0,0,0,0,0
852,Bye-Bye,104.0,0.10940599999999999,3.0,7.7,1,1,1,0,0,0,0,0,0,0,0,0,0,0,0,0,0,0,0,0,0
853,The Relic,110.0,7.699967,130.0,5.8,1,1,1,0,0,0,0,0,0,0,0,0,0,0,0,0,0,0,0,0,0
854,The Island of Dr. Moreau,96.0,12.725342999999999,148.0,4.6,1,1,1,0,0,0,0,0,0,0,0,0,0,0,0,0,0,0,0,0,0
855,First Kid,101.0,6.5104370000000005,28.0,5.3,1,1,1,0,0,0,0,0,0,0,0,0,0,0,0,0,0,0,0,0,0
856,The Trigger Effect,94.0,9.028947,18.0,6.6,1,1,1,0,0,0,0,0,0,0,0,0,0,0,0,0,0,0,0,0,0
857,Sweet Nothing,89.0,0.234665,2.0,5.0,1,1,1,0,0,0,0,0,0,0,0,0,0,0,0,0,0,0,0,0,0
858,Bogus,110.0,2.523605,46.0,5.4,1,1,1,0,0,0,0,0,0,0,0,0,0,0,0,0,0,0,0,0,0
859,Bulletproof,84.0,7.859132000000001,164.0,5.4,1,1,1,0,0,0,0,0,0,0,0,0,0,0,0,0,0,0,0,0,0
860,Talk of Angels,96.0,0.9789889999999999,4.0,6.8,1,1,1,0,0,0,0,0,0,0,0,0,0,0,0,0,0,0,0,0,0
861,The Land Before Time III: The Time of the Great Giving,71.0,6.3724419999999995,86.0,6.1,1,1,1,0,0,0,0,0,0,0,0,0,0,0,0,0,0,0,0,0,0
862,1-900,0.0,0.062127999999999996,1.0,5.0,1,1,1,0,0,0,0,0,0,0,0,0,0,0,0,0,0,0,0,0,0
863,Baton Rouge,,0.437895,0.0,0.0,1,1,1,0,0,0,0,0,0,0,0,0,0,0,0,0,0,0,0,0,0
864,Halloween: The Curse of Michael Myers,88.0,8.768288,173.0,5.0,1,1,1,0,0,0,0,0,0,0,0,0,0,0,0,0,0,0,0,0,0
865,Twelfth Night,134.0,4.696680000000001,22.0,7.0,1,1,1,0,0,0,0,0,0,0,0,0,0,0,0,0,0,0,0,0,0
866,Mother Night,114.0,6.038784,13.0,7.1,1,1,1,0,0,0,0,0,0,0,0,0,0,0,0,0,0,0,0,0,0
867,Liebelei,88.0,0.472479,8.0,6.3,1,1,1,0,0,0,0,0,0,0,0,0,0,0,0,0,0,0,0,0,0
868,Venice,110.0,0.14712999999999998,4.0,7.5,1,1,1,0,0,0,0,0,0,0,0,0,0,0,0,0,0,0,0,0,0
869,Wild Reeds,115.0,2.115268,18.0,7.4,1,1,1,0,0,0,0,0,0,0,0,0,0,0,0,0,0,0,0,0,0
870,For Whom the Bell Tolls,170.0,14.373860999999998,41.0,6.1,1,1,1,0,0,0,0,0,0,0,0,0,0,0,0,0,0,0,0,0,0
871,The Philadelphia Story,112.0,8.888069,196.0,7.7,1,1,1,0,0,0,0,0,0,0,0,0,0,0,0,0,0,0,0,0,0
872,Singin' in the Rain,103.0,11.064858000000001,747.0,7.9,1,1,1,0,0,0,0,0,0,0,0,0,0,0,0,0,0,0,0,0,0
873,An American in Paris,113.0,5.5652029999999995,133.0,6.9,1,1,1,0,0,0,0,0,0,0,0,0,0,0,0,0,0,0,0,0,0
874,Funny Face,103.0,5.461487,162.0,7.0,1,1,1,0,0,0,0,0,0,0,0,0,0,0,0,0,0,0,0,0,0
875,Breakfast at Tiffany's,110.0,10.879289,1082.0,7.6,1,1,1,0,0,0,0,0,0,0,0,0,0,0,0,0,0,0,0,0,0
876,Vertigo,128.0,18.20822,1162.0,8.0,1,1,1,0,0,0,0,0,0,0,0,0,0,0,0,0,0,0,0,0,0
877,Rear Window,112.0,17.911314,1531.0,8.2,1,1,1,0,0,0,0,0,0,0,0,0,0,0,0,0,0,0,0,0,0
878,It Happened One Night,105.0,6.465257,283.0,7.7,1,1,1,0,0,0,0,0,0,0,0,0,0,0,0,0,0,0,0,0,0
879,Gaslight,114.0,14.545058,73.0,7.2,1,1,1,0,0,0,0,0,0,0,0,0,0,0,0,0,0,0,0,0,0
880,The Gay Divorcee,107.0,2.8639349999999997,17.0,7.2,1,1,1,0,0,0,0,0,0,0,0,0,0,0,0,0,0,0,0,0,0
881,North by Northwest,136.0,12.410427,1062.0,7.8,1,1,1,0,0,0,0,0,0,0,0,0,0,0,0,0,0,0,0,0,0
882,The Apartment,125.0,11.994280999999999,498.0,8.1,1,1,1,0,0,0,0,0,0,0,0,0,0,0,0,0,0,0,0,0,0
883,Some Like It Hot,122.0,11.845107,835.0,8.0,1,1,1,0,0,0,0,0,0,0,0,0,0,0,0,0,0,0,0,0,0
884,Charade,113.0,7.098731,351.0,7.7,1,1,1,0,0,0,0,0,0,0,0,0,0,0,0,0,0,0,0,0,0
885,Casablanca,102.0,13.916101000000001,1462.0,7.9,1,1,1,0,0,0,0,0,0,0,0,0,0,0,0,0,0,0,0,0,0
886,The Maltese Falcon,100.0,5.782544000000001,435.0,7.8,1,1,1,0,0,0,0,0,0,0,0,0,0,0,0,0,0,0,0,0,0
887,My Fair Lady,170.0,12.494394,361.0,7.4,1,1,1,0,0,0,0,0,0,0,0,0,0,0,0,0,0,0,0,0,0
888,Sabrina,113.0,7.3597410000000005,284.0,7.4,1,1,1,0,0,0,0,0,0,0,0,0,0,0,0,0,0,0,0,0,0
889,Roman Holiday,119.0,11.954806,502.0,7.8,1,1,1,0,0,0,0,0,0,0,0,0,0,0,0,0,0,0,0,0,0
890,The Little Princess,93.0,5.640722,22.0,7.0,1,1,1,0,0,0,0,0,0,0,0,0,0,0,0,0,0,0,0,0,0
891,Meet Me in St. Louis,113.0,7.331511,66.0,6.8,1,1,1,0,0,0,0,0,0,0,0,0,0,0,0,0,0,0,0,0,0
892,The Wizard of Oz,102.0,22.064932000000002,1689.0,7.4,1,1,1,0,0,0,0,0,0,0,0,0,0,0,0,0,0,0,0,0,0
893,Gone with the Wind,238.0,14.240357000000001,995.0,7.7,1,1,1,0,0,0,0,0,0,0,0,0,0,0,0,0,0,0,0,0,0
894,My Favorite Year,92.0,2.9236720000000003,35.0,7.1,1,1,1,0,0,0,0,0,0,0,0,0,0,0,0,0,0,0,0,0,0
895,Sunset Boulevard,110.0,11.709777,533.0,8.2,1,1,1,0,0,0,0,0,0,0,0,0,0,0,0,0,0,0,0,0,0
896,Citizen Kane,119.0,15.811921,1244.0,8.0,1,1,1,0,0,0,0,0,0,0,0,0,0,0,0,0,0,0,0,0,0
897,2001: A Space Odyssey,149.0,22.494622,3075.0,7.9,1,1,1,0,0,0,0,0,0,0,0,0,0,0,0,0,0,0,0,0,0
898,Golden Earrings,95.0,0.949155,3.0,4.8,1,1,1,0,0,0,0,0,0,0,0,0,0,0,0,0,0,0,0,0,0
899,All About Eve,138.0,12.063080000000001,367.0,8.0,1,1,1,0,0,0,0,0,0,0,0,0,0,0,0,0,0,0,0,0,0
900,The Women,133.0,5.076649,26.0,6.4,1,1,1,0,0,0,0,0,0,0,0,0,0,0,0,0,0,0,0,0,0
901,Rebecca,130.0,8.590813,346.0,7.7,1,1,1,0,0,0,0,0,0,0,0,0,0,0,0,0,0,0,0,0,0
902,Foreign Correspondent,120.0,9.955445,86.0,7.0,1,1,1,0,0,0,0,0,0,0,0,0,0,0,0,0,0,0,0,0,0
903,Notorious,102.0,10.135111,345.0,7.8,1,1,1,0,0,0,0,0,0,0,0,0,0,0,0,0,0,0,0,0,0
904,Spellbound,111.0,5.47596,166.0,7.3,1,1,1,0,0,0,0,0,0,0,0,0,0,0,0,0,0,0,0,0,0
905,An Affair to Remember,111.0,9.813419,101.0,7.1,1,1,1,0,0,0,0,0,0,0,0,0,0,0,0,0,0,0,0,0,0
906,To Catch a Thief,106.0,5.490505000000001,299.0,7.1,1,1,1,0,0,0,0,0,0,0,0,0,0,0,0,0,0,0,0,0,0
907,Father of the Bride,92.0,2.4691669999999997,43.0,6.6,1,1,1,0,0,0,0,0,0,0,0,0,0,0,0,0,0,0,0,0,0
908,The Band Wagon,112.0,3.5739349999999996,46.0,7.1,1,1,1,0,0,0,0,0,0,0,0,0,0,0,0,0,0,0,0,0,0
909,Ninotchka,110.0,5.120036,77.0,7.3,1,1,1,0,0,0,0,0,0,0,0,0,0,0,0,0,0,0,0,0,0
910,Love in the Afternoon,130.0,8.196679,55.0,7.3,1,1,1,0,0,0,0,0,0,0,0,0,0,0,0,0,0,0,0,0,0
911,Gigi,116.0,10.36311,68.0,6.1,1,1,1,0,0,0,0,0,0,0,0,0,0,0,0,0,0,0,0,0,0
912,The Reluctant Debutante,94.0,1.954175,11.0,6.6,1,1,1,0,0,0,0,0,0,0,0,0,0,0,0,0,0,0,0,0,0
913,The Adventures of Robin Hood,102.0,10.685036,170.0,7.6,1,1,1,0,0,0,0,0,0,0,0,0,0,0,0,0,0,0,0,0,0
914,The Mark of Zorro,94.0,7.431939,39.0,7.1,1,1,1,0,0,0,0,0,0,0,0,0,0,0,0,0,0,0,0,0,0
915,Laura,88.0,9.884516,173.0,7.6,1,1,1,0,0,0,0,0,0,0,0,0,0,0,0,0,0,0,0,0,0
916,The Ghost and Mrs. Muir,104.0,3.008607,59.0,7.3,1,1,1,0,0,0,0,0,0,0,0,0,0,0,0,0,0,0,0,0,0
917,Lost Horizon,97.0,3.166544,42.0,6.8,1,1,1,0,0,0,0,0,0,0,0,0,0,0,0,0,0,0,0,0,0
918,Top Hat,101.0,7.122093,62.0,7.4,1,1,1,0,0,0,0,0,0,0,0,0,0,0,0,0,0,0,0,0,0
919,To Be or Not to Be,99.0,7.274947999999999,119.0,7.7,1,1,1,0,0,0,0,0,0,0,0,0,0,0,0,0,0,0,0,0,0
920,My Man Godfrey,94.0,5.480098,69.0,7.7,1,1,1,0,0,0,0,0,0,0,0,0,0,0,0,0,0,0,0,0,0
921,Giant,201.0,10.864284,169.0,7.5,1,1,1,0,0,0,0,0,0,0,0,0,0,0,0,0,0,0,0,0,0
922,East of Eden,115.0,6.4288300000000005,163.0,7.5,1,1,1,0,0,0,0,0,0,0,0,0,0,0,0,0,0,0,0,0,0
923,The Thin Man,93.0,10.573867,97.0,7.4,1,1,1,0,0,0,0,0,0,0,0,0,0,0,0,0,0,0,0,0,0
924,His Girl Friday,92.0,9.88321,171.0,7.5,1,1,1,0,0,0,0,0,0,0,0,0,0,0,0,0,0,0,0,0,0
925,Around the World in Eighty Days,167.0,6.164226,85.0,6.5,1,1,1,0,0,0,0,0,0,0,0,0,0,0,0,0,0,0,0,0,0
926,It's a Wonderful Life,130.0,15.031588000000001,1103.0,8.0,1,1,1,0,0,0,0,0,0,0,0,0,0,0,0,0,0,0,0,0,0
927,Mr. Smith Goes to Washington,129.0,8.168694,245.0,7.9,1,1,1,0,0,0,0,0,0,0,0,0,0,0,0,0,0,0,0,0,0
928,Bringing Up Baby,102.0,6.60577,201.0,7.6,1,1,1,0,0,0,0,0,0,0,0,0,0,0,0,0,0,0,0,0,0
929,Penny Serenade,119.0,2.446972,23.0,6.4,1,1,1,0,0,0,0,0,0,0,0,0,0,0,0,0,0,0,0,0,0
930,The Scarlet Letter,115.0,0.284522,4.0,8.3,1,1,1,0,0,0,0,0,0,0,0,0,0,0,0,0,0,0,0,0,0
931,Lady of Burlesque,91.0,0.26469499999999996,7.0,5.0,1,1,1,0,0,0,0,0,0,0,0,0,0,0,0,0,0,0,0,0,0
932,Of Human Bondage,83.0,1.831221,26.0,6.4,1,1,1,0,0,0,0,0,0,0,0,0,0,0,0,0,0,0,0,0,0
933,Angel on My Shoulder,100.0,0.594433,6.0,5.7,1,1,1,0,0,0,0,0,0,0,0,0,0,0,0,0,0,0,0,0,0
934,Little Lord Fauntleroy,102.0,4.709847,13.0,6.6,1,1,1,0,0,0,0,0,0,0,0,0,0,0,0,0,0,0,0,0,0
935,They Made Me a Criminal,92.0,1.758391,8.0,5.6,1,1,1,0,0,0,0,0,0,0,0,0,0,0,0,0,0,0,0,0,0
936,The Inspector General,101.0,0.8965049999999999,17.0,6.2,1,1,1,0,0,0,0,0,0,0,0,0,0,0,0,0,0,0,0,0,0
937,Angel and the Badman,100.0,8.08426,27.0,6.6,1,1,1,0,0,0,0,0,0,0,0,0,0,0,0,0,0,0,0,0,0
938,The 39 Steps,86.0,5.865697,217.0,7.4,1,1,1,0,0,0,0,0,0,0,0,0,0,0,0,0,0,0,0,0,0
939,A Walk in the Sun,117.0,8.85591,14.0,5.2,1,1,1,0,0,0,0,0,0,0,0,0,0,0,0,0,0,0,0,0,0
940,The Outlaw,116.0,1.4509889999999999,16.0,4.9,1,1,1,0,0,0,0,0,0,0,0,0,0,0,0,0,0,0,0,0,0
941,Night of the Living Dead,96.0,14.384198000000001,591.0,7.5,1,1,1,0,0,0,0,0,0,0,0,0,0,0,0,0,0,0,0,0,0
942,The African Queen,105.0,6.636872,232.0,7.4,1,1,1,0,0,0,0,0,0,0,0,0,0,0,0,0,0,0,0,0,0
943,Beat the Devil,89.0,2.001733,31.0,6.2,1,1,1,0,0,0,0,0,0,0,0,0,0,0,0,0,0,0,0,0,0
944,Cat on a Hot Tin Roof,108.0,11.794846000000001,168.0,7.6,1,1,1,0,0,0,0,0,0,0,0,0,0,0,0,0,0,0,0,0,0
945,The Last Time I Saw Paris,116.0,0.912955,9.0,5.1,1,1,1,0,0,0,0,0,0,0,0,0,0,0,0,0,0,0,0,0,0
946,Meet John Doe,122.0,10.750619,52.0,7.3,1,1,1,0,0,0,0,0,0,0,0,0,0,0,0,0,0,0,0,0,0
947,Algiers,96.0,0.348765,6.0,5.8,1,1,1,0,0,0,0,0,0,0,0,0,0,0,0,0,0,0,0,0,0
948,Something to Sing About,93.0,0.367546,2.0,3.8,1,1,1,0,0,0,0,0,0,0,0,0,0,0,0,0,0,0,0,0,0
949,A Farewell to Arms,89.0,1.914697,29.0,6.2,1,1,1,0,0,0,0,0,0,0,0,0,0,0,0,0,0,0,0,0,0
950,Moonlight Murder,65.0,0.283269,1.0,6.0,1,1,1,0,0,0,0,0,0,0,0,0,0,0,0,0,0,0,0,0,0
951,Nothing Personal,83.0,0.064512,1.0,4.0,1,1,1,0,0,0,0,0,0,0,0,0,0,0,0,0,0,0,0,0,0
952,"Yes, Madam",93.0,1.0600969999999998,11.0,7.4,1,1,1,0,0,0,0,0,0,0,0,0,0,0,0,0,0,0,0,0,0
953,Dangerous Ground,95.0,1.463219,8.0,5.0,1,1,1,0,0,0,0,0,0,0,0,0,0,0,0,0,0,0,0,0,0
954,Picnic,115.0,8.500509,19.0,6.7,1,1,1,0,0,0,0,0,0,0,0,0,0,0,0,0,0,0,0,0,0
955,Madagascar Skin,96.0,0.580724,0.0,0.0,1,1,1,0,0,0,0,0,0,0,0,0,0,0,0,0,0,0,0,0,0
956,The Pompatus of Love,99.0,0.537795,2.0,5.3,1,1,1,0,0,0,0,0,0,0,0,0,0,0,0,0,0,0,0,0,0
957,Small Wonders,77.0,0.00264,0.0,0.0,1,1,1,0,0,0,0,0,0,0,0,0,0,0,0,0,0,0,0,0,0
958,Fly Away Home,107.0,5.5111550000000005,114.0,6.6,1,1,1,0,0,0,0,0,0,0,0,0,0,0,0,0,0,0,0,0,0
959,Bliss,103.0,1.262649,6.0,4.8,1,1,1,0,0,0,0,0,0,0,0,0,0,0,0,0,0,0,0,0,0
960,Grace of My Heart,116.0,9.364417999999999,15.0,6.5,1,1,1,0,0,0,0,0,0,0,0,0,0,0,0,0,0,0,0,0,0
961,Brother of Sleep,127.0,0.751733,6.0,6.8,1,1,1,0,0,0,0,0,0,0,0,0,0,0,0,0,0,0,0,0,0
962,Maximum Risk,100.0,7.370163000000001,104.0,5.3,1,1,1,0,0,0,0,0,0,0,0,0,0,0,0,0,0,0,0,0,0
963,Michael Collins,132.0,6.728199000000001,98.0,6.8,1,1,1,0,0,0,0,0,0,0,0,0,0,0,0,0,0,0,0,0,0
964,The Rich Man's Wife,94.0,6.746475,11.0,4.9,1,1,1,0,0,0,0,0,0,0,0,0,0,0,0,0,0,0,0,0,0
965,Infinity,119.0,1.226688,0.0,0.0,1,1,1,0,0,0,0,0,0,0,0,0,0,0,0,0,0,0,0,0,0
966,Big Night,107.0,2.702973,45.0,6.8,1,1,1,0,0,0,0,0,0,0,0,0,0,0,0,0,0,0,0,0,0
967,Last Man Standing,101.0,11.845918,263.0,6.2,1,1,1,0,0,0,0,0,0,0,0,0,0,0,0,0,0,0,0,0,0
968,Caught,110.0,1.625873,5.0,6.5,1,1,1,0,0,0,0,0,0,0,0,0,0,0,0,0,0,0,0,0,0
969,Set It Off,118.0,6.85606,66.0,6.9,1,1,1,0,0,0,0,0,0,0,0,0,0,0,0,0,0,0,0,0,0
970,2 Days in the Valley,104.0,4.989276,73.0,5.9,1,1,1,0,0,0,0,0,0,0,0,0,0,0,0,0,0,0,0,0,0
971,Curdled,88.0,2.781581,29.0,6.2,1,1,1,0,0,0,0,0,0,0,0,0,0,0,0,0,0,0,0,0,0
972,L'associé,94.0,0.000308,3.0,6.0,1,1,1,0,0,0,0,0,0,0,0,0,0,0,0,0,0,0,0,0,0
973,Ed's Next Move,88.0,0.5502779999999999,1.0,3.0,1,1,1,0,0,0,0,0,0,0,0,0,0,0,0,0,0,0,0,0,0
974,Extreme Measures,118.0,4.990506,80.0,5.7,1,1,1,0,0,0,0,0,0,0,0,0,0,0,0,0,0,0,0,0,0
975,The Glimmer Man,92.0,5.918737,102.0,4.7,1,1,1,0,0,0,0,0,0,0,0,0,0,0,0,0,0,0,0,0,0
976,D3: The Mighty Ducks,104.0,5.511475,99.0,5.3,1,1,1,0,0,0,0,0,0,0,0,0,0,0,0,0,0,0,0,0,0
977,The Chamber,113.0,3.9984940000000004,62.0,5.9,1,1,1,0,0,0,0,0,0,0,0,0,0,0,0,0,0,0,0,0,0
978,The Apple Dumpling Gang,100.0,4.040945,34.0,6.6,1,1,1,0,0,0,0,0,0,0,0,0,0,0,0,0,0,0,0,0,0
979,"Davy Crockett, King of the Wild Frontier",93.0,5.497358999999999,14.0,5.9,1,1,1,0,0,0,0,0,0,0,0,0,0,0,0,0,0,0,0,0,0
980,Escape to Witch Mountain,97.0,7.1516910000000005,60.0,6.5,1,1,1,0,0,0,0,0,0,0,0,0,0,0,0,0,0,0,0,0,0
981,The Love Bug,107.0,10.091707000000001,126.0,6.0,1,1,1,0,0,0,0,0,0,0,0,0,0,0,0,0,0,0,0,0,0
982,Herbie Rides Again,88.0,4.914603,77.0,5.9,1,1,1,0,0,0,0,0,0,0,0,0,0,0,0,0,0,0,0,0,0
983,Old Yeller,83.0,12.887829,68.0,7.0,1,1,1,0,0,0,0,0,0,0,0,0,0,0,0,0,0,0,0,0,0
984,The Parent Trap,129.0,5.807074,92.0,6.8,1,1,1,0,0,0,0,0,0,0,0,0,0,0,0,0,0,0,0,0,0
985,Pollyanna,134.0,3.254308,50.0,6.9,1,1,1,0,0,0,0,0,0,0,0,0,0,0,0,0,0,0,0,0,0
986,Homeward Bound: The Incredible Journey,84.0,7.186506,218.0,6.6,1,1,1,0,0,0,0,0,0,0,0,0,0,0,0,0,0,0,0,0,0
987,The Shaggy Dog,104.0,3.404213,22.0,6.2,1,1,1,0,0,0,0,0,0,0,0,0,0,0,0,0,0,0,0,0,0
988,Swiss Family Robinson,126.0,4.623089,88.0,7.0,1,1,1,0,0,0,0,0,0,0,0,0,0,0,0,0,0,0,0,0,0
989,That Darn Cat!,112.0,2.8036790000000003,28.0,6.4,1,1,1,0,0,0,0,0,0,0,0,0,0,0,0,0,0,0,0,0,0
990,"20,000 Leagues Under the Sea",127.0,8.722406,160.0,6.9,1,1,1,0,0,0,0,0,0,0,0,0,0,0,0,0,0,0,0,0,0
991,Cool Runnings,98.0,8.307210000000001,510.0,6.8,1,1,1,0,0,0,0,0,0,0,0,0,0,0,0,0,0,0,0,0,0
992,Angels in the Outfield,102.0,10.892812,124.0,5.7,1,1,1,0,0,0,0,0,0,0,0,0,0,0,0,0,0,0,0,0,0
993,Cinderella,74.0,14.436857999999999,1760.0,6.8,1,1,1,0,0,0,0,0,0,0,0,0,0,0,0,0,0,0,0,0,0
994,Winnie the Pooh and the Blustery Day,25.0,1.054814,20.0,7.8,1,1,1,0,0,0,0,0,0,0,0,0,0,0,0,0,0,0,0,0,0
995,The Three Caballeros,71.0,8.702472,108.0,6.2,1,1,1,0,0,0,0,0,0,0,0,0,0,0,0,0,0,0,0,0,0
996,The Sword in the Stone,79.0,10.636458,935.0,6.9,1,1,1,0,0,0,0,0,0,0,0,0,0,0,0,0,0,0,0,0,0
997,So Dear to My Heart,79.0,0.901443,5.0,6.3,1,1,1,0,0,0,0,0,0,0,0,0,0,0,0,0,0,0,0,0,0
998,Robin Hood: Prince of Thieves,143.0,10.639244,937.0,6.6,1,1,1,0,0,0,0,0,0,0,0,0,0,0,0,0,0,0,0,0,0
999,Mary Poppins,139.0,15.11549,1217.0,7.4,1,1,1,0,0,0,0,0,0,0,0,0,0,0,0,0,0,0,0,0,0
